OrderKey,SessionID,DeviceType,CartAbandonFlag
2001,sess_74701,Mobile,0.0
2002,sess_54583,Mobile,0.0
2003,sess_53362,Desktop,0.0
2004,sess_14921,Mobile,0.0
2005,sess_32357,Mobile,0.0
2006,sess_80581,Desktop,0.0
2007,sess_40768,Desktop,0.0
2008,sess_81992,Desktop,0.0
2009,sess_86775,Tablet,0.0
2010,sess_38827,Desktop,1.0
2011,sess_70453,Tablet,0.0
2012,sess_82290,Mobile,1.0
2013,sess_31222,Desktop,0.0
2014,sess_51892,Mobile,0.0
2015,sess_21360,Mobile,0.0
2016,sess_79363,Tablet,0.0
2017,sess_44576,Desktop,
2018,sess_94347,Tablet,0.0
2019,sess_24617,Mobile,0.0
2020,sess_49805,Tablet,1.0
2021,sess_11918,Desktop,0.0
2022,sess_61382,Desktop,
2023,sess_44708,Mobile,0.0
2024,sess_76085,Desktop,0.0
2025,sess_92682,Tablet,1.0
2026,sess_42371,Tablet,1.0
2027,sess_80039,Mobile,0.0
2028,sess_33682,Mobile,0.0
2029,sess_92418,Tablet,0.0
2030,sess_66811,Mobile,1.0
2031,sess_83508,Tablet,-0.0
2032,sess_23192,Tablet,0.0
2033,sess_67326,Tablet,0.0
2034,sess_13906,Tablet,0.0
2035,sess_93666,Mobile,0.0
2036,sess_64873,Tablet,1.0
2037,sess_60554,Desktop,0.0
2038,sess_63854,Mobile,0.0
2039,sess_32063,Tablet,1.0
2040,sess_54797,Mobile,0.0
2041,sess_90450,Desktop,0.0
2042,sess_77331,Desktop,0.0
2043,sess_39486,Tablet,0.0
2044,sess_84664,Desktop,0.0
2045,sess_31298,Tablet,-1.0
2046,sess_52367,Tablet,1.0
2047,sess_76792,Mobile,
2048,sess_26488,Tablet,1.0
2049,sess_95069,Tablet,0.0
2050,sess_44331,Tablet,0.0
2051,sess_24705,Tablet,0.0
2052,sess_43456,Tablet,0.0
2053,sess_79949,Tablet,1.0
2054,sess_41347,Tablet,
2055,sess_18781,Mobile,0.0
2056,sess_17308,Mobile,0.0
2057,sess_39960,Tablet,0.0
2058,sess_21931,Mobile,0.0
2059,sess_32179,Tablet,0.0
2060,sess_86962,Tablet,0.0
2061,sess_98384,Desktop,0.0
2062,sess_56499,Mobile,0.0
2063,sess_41720,Desktop,0.0
2064,sess_21949,Tablet,0.0
2065,sess_43138,Tablet,1.0
2066,sess_84369,Tablet,0.0
2067,sess_61865,Mobile,0.0
2068,sess_46586,Mobile,0.0
2069,sess_58279,Mobile,0.0
2070,sess_51094,Mobile,0.0
2071,sess_39757,Desktop,0.0
2072,sess_86909,Desktop,0.0
2073,sess_74570,Mobile,0.0
2074,sess_38540,Mobile,1.0
2075,sess_83348,Desktop,0.0
2076,sess_50910,Mobile,0.0
2077,sess_59680,Tablet,1.0
2078,sess_11385,Tablet,-0.0
2079,sess_57831,Mobile,1.0
2080,sess_85797,Mobile,-0.0
2081,sess_72024,Tablet,1.0
2082,sess_18710,Mobile,0.0
2083,sess_61129,Tablet,0.0
2084,sess_73314,Tablet,0.0
2085,sess_54702,Mobile,0.0
2086,sess_39257,Mobile,0.0
2087,sess_94383,Tablet,1.0
2088,sess_91901,Mobile,0.0
2089,sess_45241,Mobile,0.0
2090,sess_93168,Desktop,0.0
2091,sess_73432,Desktop,0.0
2092,sess_48718,Tablet,1.0
2093,sess_74244,Tablet,1.0
2094,sess_88690,Tablet,0.0
2095,sess_48598,Desktop,0.0
2096,sess_52384,Tablet,0.0
2097,sess_87330,Tablet,0.0
2098,sess_87951,Desktop,0.0
2099,sess_38696,Tablet,1.0
2100,sess_50424,Mobile,0.0
2101,sess_33588,Desktop,0.0
2102,sess_41308,Tablet,0.0
2103,sess_47015,Tablet,0.0
2104,sess_54693,Mobile,0.0
2105,sess_85573,Desktop,1.0
2106,sess_97475,Mobile,0.0
2107,sess_42473,Mobile,1.0
2108,sess_23593,Tablet,0.0
2109,sess_45670,Tablet,1.0
2110,sess_20440,Tablet,0.0
2111,sess_38690,Mobile,1.0
2112,sess_94245,Desktop,0.0
2113,sess_87571,Tablet,0.0
2114,sess_65191,Mobile,0.0
2115,sess_28226,Tablet,1.0
2116,sess_85076,Mobile,0.0
2117,sess_25947,Desktop,0.0
2118,sess_59844,Mobile,0.0
2119,sess_64967,Desktop,0.0
2120,sess_20205,Mobile,0.0
2121,sess_83706,Desktop,0.0
2122,sess_19673,Desktop,0.0
2123,sess_37653,Desktop,1.0
2124,sess_80474,Desktop,0.0
2125,sess_88610,Tablet,0.0
2126,sess_74560,Tablet,0.0
2127,sess_27526,Mobile,0.0
2128,sess_36694,Tablet,1.0
2129,sess_26193,Desktop,0.0
2130,sess_83850,Tablet,
2131,sess_61547,Desktop,0.0
2132,sess_12028,Tablet,1.0
2133,sess_19081,Mobile,0.0
2134,sess_80430,Mobile,0.0
2135,sess_76834,Desktop,
2136,sess_22171,Desktop,0.0
2137,sess_90687,Tablet,0.0
2138,sess_92879,Tablet,0.0
2139,sess_37647,Desktop,0.0
2140,sess_91087,Mobile,0.0
2141,sess_98832,Mobile,0.0
2142,sess_68085,Desktop,1.0
2143,sess_50685,Mobile,0.0
2144,sess_15749,Desktop,0.0
2145,sess_25796,Tablet,0.0
2146,sess_18301,Mobile,0.0
2147,sess_44162,Mobile,0.0
2148,sess_11848,Desktop,0.0
2149,sess_91584,Tablet,0.0
2150,sess_36551,Mobile,0.0
2151,sess_15156,Mobile,0.0
2152,sess_38426,Tablet,0.0
2153,sess_17763,Tablet,0.0
2154,sess_60323,Desktop,0.0
2155,sess_10404,Mobile,0.0
2156,sess_62701,Mobile,0.0
2157,sess_61742,Tablet,0.0
2158,sess_95953,Tablet,0.0
2159,sess_13613,Mobile,0.0
2160,sess_40839,Tablet,0.0
2161,sess_30751,Desktop,0.0
2162,sess_92708,Desktop,-0.0
2163,sess_73443,Tablet,1.0
2164,sess_73907,Mobile,0.0
2165,sess_88217,Tablet,0.0
2166,sess_11544,Mobile,0.0
2167,sess_50898,Desktop,0.0
2168,sess_81270,Desktop,0.0
2169,sess_91333,Desktop,0.0
2170,sess_91472,Mobile,0.0
2171,sess_80086,Tablet,1.0
2172,sess_89712,Mobile,1.0
2173,sess_51186,Mobile,0.0
2174,sess_24689,Desktop,1.0
2175,sess_37299,Tablet,0.0
2176,sess_12555,Mobile,0.0
2177,sess_40519,Tablet,0.0
2178,sess_73294,Mobile,0.0
2179,sess_67141,Mobile,-0.0
2180,sess_73000,Desktop,1.0
2181,sess_72598,Desktop,0.0
2182,sess_67903,Desktop,0.0
2183,sess_91156,Tablet,0.0
2184,sess_30761,Mobile,0.0
2185,sess_11008,Desktop,1.0
2186,sess_23818,Tablet,0.0
2187,sess_67869,Tablet,0.0
2188,sess_54555,Mobile,0.0
2189,sess_10731,Desktop,1.0
2190,sess_37264,Desktop,0.0
2191,sess_82094,Desktop,0.0
2192,sess_56053,Desktop,0.0
2193,sess_33721,Tablet,0.0
2194,sess_82517,Desktop,0.0
2195,sess_87241,Desktop,1.0
2196,sess_41762,Tablet,0.0
2197,sess_22690,Mobile,0.0
2198,sess_99433,Mobile,0.0
2199,sess_62563,Tablet,1.0
2200,sess_57465,Tablet,0.0
2201,sess_11723,Desktop,0.0
2202,sess_66940,Mobile,0.0
2203,sess_55870,Mobile,0.0
2204,sess_38515,Desktop,0.0
2205,sess_67380,Desktop,0.0
2206,sess_56870,Desktop,0.0
2207,sess_83477,Desktop,1.0
2208,sess_70567,Tablet,0.0
2209,sess_14354,Tablet,
2210,sess_78138,Desktop,0.0
2211,sess_44778,Mobile,0.0
2212,sess_51509,Mobile,0.0
2213,sess_25503,Mobile,0.0
2214,sess_91274,Mobile,0.0
2215,sess_67228,Mobile,0.0
2216,sess_21720,Desktop,1.0
2217,sess_39643,Mobile,0.0
2218,sess_19501,Tablet,0.0
2219,sess_34680,Tablet,0.0
2220,sess_70126,Mobile,0.0
2221,sess_33817,Tablet,0.0
2222,sess_55249,Desktop,0.0
2223,sess_88849,Mobile,1.0
2224,sess_15665,Desktop,0.0
2225,sess_32574,Tablet,0.0
2226,sess_59341,Mobile,0.0
2227,sess_53666,Desktop,0.0
2228,sess_35627,Desktop,0.0
2229,sess_55617,Desktop,0.0
2230,sess_81373,Desktop,1.0
2231,sess_83685,Desktop,1.0
2232,sess_18899,Tablet,1.0
2233,sess_82288,Mobile,0.0
2234,sess_56386,Desktop,0.0
2235,sess_94080,Desktop,0.0
2236,sess_59304,Tablet,0.0
2237,sess_20336,Mobile,1.0
2238,sess_14867,Mobile,0.0
2239,sess_67546,Mobile,1.0
2240,sess_91923,Mobile,1.0
2241,sess_78677,Mobile,0.0
2242,sess_87814,Tablet,0.0
2243,sess_53972,Desktop,1.0
2244,sess_38841,Mobile,0.0
2245,sess_18284,Mobile,0.0
2246,sess_82961,Desktop,1.0
2247,sess_57251,Desktop,-1.0
2248,sess_58719,Mobile,0.0
2249,sess_91807,Tablet,0.0
2250,sess_75654,Desktop,0.0
2251,sess_99821,Desktop,0.0
2252,sess_96183,Tablet,0.0
2253,sess_98218,Desktop,0.0
2254,sess_96490,Desktop,0.0
2255,sess_46725,Mobile,0.0
2256,sess_75946,Desktop,0.0
2257,sess_28703,Desktop,1.0
2258,sess_89994,Tablet,0.0
2259,sess_47412,Desktop,1.0
2260,sess_65546,Tablet,1.0
2261,sess_34992,Tablet,0.0
2262,sess_69720,Tablet,
2263,sess_95539,Desktop,1.0
2264,sess_57040,Tablet,1.0
2265,sess_97172,Mobile,1.0
2266,sess_44578,Desktop,0.0
2267,sess_93397,Desktop,0.0
2268,sess_91507,Tablet,1.0
2269,sess_51073,Tablet,1.0
2270,sess_58110,Tablet,0.0
2271,sess_72113,Tablet,0.0
2272,sess_52540,Mobile,0.0
2273,sess_94188,Desktop,0.0
2274,sess_19178,Tablet,0.0
2275,sess_71025,Mobile,0.0
2276,sess_53789,Tablet,0.0
2277,sess_99416,Mobile,0.0
2278,sess_70461,Desktop,1.0
2279,sess_43643,Mobile,0.0
2280,sess_99034,Tablet,1.0
2281,sess_20346,Desktop,0.0
2282,sess_55172,Tablet,1.0
2283,sess_86144,Desktop,1.0
2284,sess_17632,Tablet,1.0
2285,sess_89263,Mobile,1.0
2286,sess_18600,Desktop,0.0
2287,sess_19690,Mobile,1.0
2288,sess_89209,Mobile,0.0
2289,sess_87145,Tablet,1.0
2290,sess_90652,Desktop,0.0
2291,sess_93784,Mobile,0.0
2292,sess_28418,Tablet,1.0
2293,sess_19928,Tablet,1.0
2294,sess_62066,Mobile,0.0
2295,sess_33157,Mobile,1.0
2296,sess_85344,Mobile,0.0
2297,sess_82615,Tablet,0.0
2298,sess_11441,Desktop,1.0
2299,sess_64841,Tablet,0.0
2300,sess_25029,Mobile,0.0
2301,sess_46586,Tablet,
2302,sess_82916,Desktop,0.0
2303,sess_89421,Tablet,0.0
2304,sess_77814,Tablet,0.0
2305,sess_99366,Tablet,0.0
2306,sess_10464,Tablet,1.0
2307,sess_21134,Tablet,0.0
2308,sess_34142,Mobile,0.0
2309,sess_78338,Desktop,
2310,sess_96534,Mobile,0.0
2311,sess_52022,Tablet,
2312,sess_35943,Tablet,0.0
2313,sess_11358,Tablet,0.0
2314,sess_37103,Desktop,1.0
2315,sess_48746,Mobile,0.0
2316,sess_93940,Mobile,0.0
2317,sess_25649,Tablet,0.0
2318,sess_68708,Mobile,1.0
2319,sess_38728,Desktop,0.0
2320,sess_69937,Mobile,1.0
2321,sess_12941,Tablet,1.0
2322,sess_87182,Mobile,0.0
2323,sess_97702,Mobile,-0.0
2324,sess_97745,Mobile,0.0
2325,sess_25737,Mobile,0.0
2326,sess_31973,Desktop,0.0
2327,sess_99948,Tablet,1.0
2328,sess_41076,Mobile,0.0
2329,sess_61699,Mobile,1.0
2330,sess_93077,Mobile,1.0
2331,sess_38250,Desktop,0.0
2332,sess_57468,Tablet,0.0
2333,sess_77308,Desktop,0.0
2334,sess_42511,Tablet,0.0
2335,sess_68745,Mobile,0.0
2336,sess_93051,Tablet,0.0
2337,sess_36804,Tablet,0.0
2338,sess_50489,Tablet,0.0
2339,sess_98961,Mobile,0.0
2340,sess_97664,Desktop,0.0
2341,sess_56205,Mobile,0.0
2342,sess_92081,Desktop,0.0
2343,sess_56837,Desktop,0.0
2344,sess_60878,Desktop,1.0
2345,sess_50723,Desktop,0.0
2346,sess_61103,Desktop,0.0
2347,sess_71986,Mobile,0.0
2348,sess_97799,Mobile,0.0
2349,sess_75438,Desktop,0.0
2350,sess_95567,Tablet,0.0
2351,sess_48804,Mobile,1.0
2352,sess_89256,Desktop,0.0
2353,sess_30955,Desktop,1.0
2354,sess_33293,Tablet,0.0
2355,sess_36268,Tablet,0.0
2356,sess_23441,Desktop,-0.0
2357,sess_39227,Tablet,0.0
2358,sess_90818,Mobile,0.0
2359,sess_91961,Desktop,0.0
2360,sess_18724,Mobile,0.0
2361,sess_57056,Desktop,0.0
2362,sess_25187,Mobile,0.0
2363,sess_13042,Desktop,0.0
2364,sess_37394,Mobile,0.0
2365,sess_71862,Tablet,0.0
2366,sess_95262,Desktop,0.0
2367,sess_99839,Desktop,0.0
2368,sess_83797,Desktop,0.0
2369,sess_37409,Desktop,0.0
2370,sess_79851,Mobile,0.0
2371,sess_93520,Desktop,
2372,sess_43079,Tablet,1.0
2373,sess_87342,Mobile,0.0
2374,sess_28383,Desktop,0.0
2375,sess_26307,Desktop,1.0
2376,sess_36207,Mobile,1.0
2377,sess_71117,Mobile,0.0
2378,sess_41418,Desktop,0.0
2379,sess_42502,Mobile,0.0
2380,sess_30662,Tablet,0.0
2381,sess_80485,Desktop,1.0
2382,sess_34777,Desktop,0.0
2383,sess_20299,Mobile,1.0
2384,sess_75492,Tablet,0.0
2385,sess_79546,Tablet,1.0
2386,sess_57850,Desktop,0.0
2387,sess_65857,Tablet,0.0
2388,sess_90134,Tablet,0.0
2389,sess_88363,Tablet,1.0
2390,sess_78115,Desktop,1.0
2391,sess_86631,Desktop,0.0
2392,sess_29131,Tablet,0.0
2393,sess_97443,Tablet,0.0
2394,sess_58027,Desktop,0.0
2395,sess_79827,Desktop,0.0
2396,sess_72539,Mobile,0.0
2397,sess_17614,Mobile,1.0
2398,sess_92983,Tablet,0.0
2399,sess_25912,Desktop,0.0
2400,sess_57068,Desktop,0.0
2401,sess_50475,Desktop,1.0
2402,sess_58622,Tablet,0.0
2403,sess_95821,Mobile,
2404,sess_76567,Desktop,0.0
2405,sess_46654,Desktop,0.0
2406,sess_20518,Mobile,0.0
2407,sess_28025,Desktop,0.0
2408,sess_70899,Desktop,1.0
2409,sess_42314,Mobile,0.0
2410,sess_67263,Mobile,0.0
2411,sess_54709,Desktop,0.0
2412,sess_48469,Desktop,-1.0
2413,sess_91922,Desktop,
2414,sess_71258,Mobile,
2415,sess_46972,Desktop,0.0
2416,sess_84086,Mobile,1.0
2417,sess_97169,Desktop,0.0
2418,sess_61812,Tablet,0.0
2419,sess_55001,Desktop,0.0
2420,sess_72342,Desktop,1.0
2421,sess_82195,Desktop,1.0
2422,sess_25227,Tablet,0.0
2423,sess_60963,Mobile,0.0
2424,sess_81151,Desktop,1.0
2425,sess_31017,Mobile,0.0
2426,sess_17313,Mobile,0.0
2427,sess_96700,Tablet,0.0
2428,sess_53860,Tablet,0.0
2429,sess_45908,Desktop,0.0
2430,sess_38090,Desktop,0.0
2431,sess_65665,Tablet,-0.0
2432,sess_30035,Tablet,0.0
2433,sess_11431,Desktop,0.0
2434,sess_57978,Desktop,0.0
2435,sess_78945,Mobile,
2436,sess_81752,Desktop,1.0
2437,sess_92456,Tablet,1.0
2438,sess_14338,Mobile,1.0
2439,sess_23691,Mobile,0.0
2440,sess_89898,Mobile,0.0
2441,sess_10311,Mobile,1.0
2442,sess_97686,Mobile,0.0
2443,sess_25177,Mobile,1.0
2444,sess_95512,Tablet,0.0
2445,sess_34652,Tablet,-0.0
2446,sess_79200,Desktop,0.0
2447,sess_64177,Tablet,1.0
2448,sess_39658,Tablet,0.0
2449,sess_11884,Desktop,0.0
2450,sess_11644,Mobile,0.0
2451,sess_63387,Tablet,
2452,sess_51011,Tablet,0.0
2453,sess_19719,Mobile,0.0
2454,sess_32412,Mobile,1.0
2455,sess_47762,Tablet,0.0
2456,sess_74588,Mobile,0.0
2457,sess_92094,Tablet,0.0
2458,sess_82403,Mobile,1.0
2459,sess_55643,Desktop,0.0
2460,sess_41995,Tablet,0.0
2461,sess_97460,Mobile,1.0
2462,sess_73494,Mobile,0.0
2463,sess_31793,Desktop,0.0
2464,sess_45739,Mobile,0.0
2465,sess_86090,Mobile,0.0
2466,sess_27729,Mobile,
2467,sess_79485,Tablet,0.0
2468,sess_55800,Desktop,0.0
2469,sess_18372,Desktop,1.0
2470,sess_25897,Desktop,0.0
2471,sess_23438,Tablet,0.0
2472,sess_74526,Mobile,0.0
2473,sess_19615,Tablet,0.0
2474,sess_14180,Desktop,0.0
2475,sess_94075,Desktop,0.0
2476,sess_85630,Desktop,1.0
2477,sess_24121,Tablet,1.0
2478,sess_33671,Tablet,1.0
2479,sess_40087,Mobile,0.0
2480,sess_61472,Tablet,0.0
2481,sess_93125,Mobile,0.0
2482,sess_26309,Mobile,1.0
2483,sess_63790,Mobile,0.0
2484,sess_38819,Desktop,0.0
2485,sess_45375,Mobile,0.0
2486,sess_10640,Tablet,0.0
2487,sess_67242,Tablet,1.0
2488,sess_61473,Desktop,0.0
2489,sess_23161,Desktop,0.0
2490,sess_68469,Desktop,0.0
2491,sess_65383,Tablet,0.0
2492,sess_25068,Tablet,1.0
2493,sess_83060,Mobile,0.0
2494,sess_32745,Tablet,-0.0
2495,sess_25146,Desktop,0.0
2496,sess_44660,Mobile,0.0
2497,sess_54987,Mobile,0.0
2498,sess_96539,Desktop,0.0
2499,sess_89673,Mobile,0.0
2500,sess_88162,Desktop,0.0
2501,sess_16883,Desktop,0.0
2502,sess_45086,Desktop,0.0
2503,sess_91256,Tablet,0.0
2504,sess_76345,Desktop,0.0
2505,sess_38516,Desktop,0.0
2506,sess_91031,Mobile,0.0
2507,sess_58070,Mobile,0.0
2508,sess_46282,Desktop,0.0
2509,sess_58550,Mobile,0.0
2510,sess_46976,Tablet,0.0
2511,sess_21248,Tablet,0.0
2512,sess_61515,Mobile,
2513,sess_41593,Mobile,0.0
2514,sess_27243,Mobile,0.0
2515,sess_38633,Mobile,0.0
2516,sess_34190,Mobile,0.0
2517,sess_44007,Tablet,0.0
2518,sess_73666,Desktop,0.0
2519,sess_59346,Mobile,0.0
2520,sess_47373,Desktop,0.0
2521,sess_81058,Mobile,0.0
2522,sess_94279,Desktop,0.0
2523,sess_89758,Mobile,0.0
2524,sess_44626,Mobile,0.0
2525,sess_53633,Tablet,0.0
2526,sess_53827,Tablet,0.0
2527,sess_77517,Tablet,0.0
2528,sess_22039,Tablet,0.0
2529,sess_69667,Mobile,0.0
2530,sess_99157,Tablet,0.0
2531,sess_81964,Desktop,0.0
2532,sess_89392,Tablet,0.0
2533,sess_66172,Desktop,0.0
2534,sess_36677,Desktop,1.0
2535,sess_90398,Mobile,0.0
2536,sess_75435,Tablet,0.0
2537,sess_60665,Tablet,0.0
2538,sess_41200,Desktop,0.0
2539,sess_29587,Desktop,0.0
2540,sess_78682,Tablet,0.0
2541,sess_68782,Desktop,0.0
2542,sess_55475,Mobile,0.0
2543,sess_27818,Tablet,0.0
2544,sess_38341,Mobile,1.0
2545,sess_82525,Mobile,1.0
2546,sess_14059,Tablet,0.0
2547,sess_20210,Tablet,0.0
2548,sess_89391,Desktop,0.0
2549,sess_93776,Mobile,0.0
2550,sess_65894,Tablet,0.0
2551,sess_53809,Tablet,0.0
2552,sess_65276,Mobile,0.0
2553,sess_23104,Desktop,1.0
2554,sess_18489,Tablet,0.0
2555,sess_56354,Mobile,1.0
2556,sess_58584,Mobile,1.0
2557,sess_67499,Desktop,1.0
2558,sess_12789,Tablet,0.0
2559,sess_26700,Mobile,1.0
2560,sess_18796,Desktop,0.0
2561,sess_47852,Tablet,0.0
2562,sess_20318,Tablet,0.0
2563,sess_62881,Tablet,1.0
2564,sess_62981,Tablet,1.0
2565,sess_26785,Tablet,0.0
2566,sess_55860,Desktop,0.0
2567,sess_99858,Mobile,0.0
2568,sess_83642,Desktop,0.0
2569,sess_54321,Mobile,1.0
2570,sess_38148,Desktop,0.0
2571,sess_89185,Tablet,0.0
2572,sess_81006,Desktop,0.0
2573,sess_68031,Mobile,1.0
2574,sess_90531,Tablet,1.0
2575,sess_47461,Mobile,0.0
2576,sess_53295,Tablet,0.0
2577,sess_59254,Tablet,1.0
2578,sess_79146,Tablet,-0.0
2579,sess_68162,Mobile,0.0
2580,sess_99523,Mobile,0.0
2581,sess_78749,Desktop,0.0
2582,sess_10743,Mobile,0.0
2583,sess_68330,Desktop,0.0
2584,sess_70735,Mobile,1.0
2585,sess_58083,Tablet,0.0
2586,sess_40287,Desktop,0.0
2587,sess_37841,Desktop,0.0
2588,sess_28489,Desktop,0.0
2589,sess_19634,Desktop,0.0
2590,sess_23082,Mobile,0.0
2591,sess_54525,Desktop,0.0
2592,sess_70266,Tablet,0.0
2593,sess_22134,Mobile,0.0
2594,sess_50760,Tablet,0.0
2595,sess_46299,Mobile,0.0
2596,sess_16900,Mobile,0.0
2597,sess_35611,Desktop,0.0
2598,sess_37420,Tablet,0.0
2599,sess_15183,Tablet,-0.0
2600,sess_80931,Tablet,0.0
2601,sess_37485,Mobile,0.0
2602,sess_90070,Desktop,0.0
2603,sess_28286,Mobile,0.0
2604,sess_24742,Desktop,0.0
2605,sess_35350,Tablet,0.0
2606,sess_52761,Tablet,0.0
2607,sess_85348,Tablet,0.0
2608,sess_27111,Tablet,0.0
2609,sess_76047,Mobile,0.0
2610,sess_75226,Desktop,0.0
2611,sess_21601,Tablet,0.0
2612,sess_57012,Desktop,0.0
2613,sess_61144,Desktop,1.0
2614,sess_64402,Mobile,0.0
2615,sess_41663,Mobile,0.0
2616,sess_19056,Mobile,
2617,sess_94577,Mobile,0.0
2618,sess_23276,Desktop,1.0
2619,sess_60407,Tablet,0.0
2620,sess_13366,Tablet,1.0
2621,sess_82698,Desktop,0.0
2622,sess_84968,Tablet,0.0
2623,sess_75123,Desktop,0.0
2624,sess_92510,Desktop,0.0
2625,sess_14976,Tablet,1.0
2626,sess_91087,Mobile,0.0
2627,sess_52950,Mobile,1.0
2628,sess_69839,Tablet,0.0
2629,sess_23428,Mobile,0.0
2630,sess_91157,Tablet,0.0
2631,sess_33717,Tablet,0.0
2632,sess_89608,Tablet,0.0
2633,sess_50961,Mobile,0.0
2634,sess_72443,Desktop,0.0
2635,sess_43480,Desktop,
2636,sess_72031,Mobile,0.0
2637,sess_15065,Mobile,-0.0
2638,sess_77939,Desktop,0.0
2639,sess_13879,Desktop,0.0
2640,sess_11817,Desktop,0.0
2641,sess_53433,Desktop,-0.0
2642,sess_20735,Tablet,0.0
2643,sess_50041,Tablet,0.0
2644,sess_62334,Desktop,0.0
2645,sess_43943,Tablet,0.0
2646,sess_26651,Desktop,0.0
2647,sess_43017,Mobile,0.0
2648,sess_11715,Tablet,1.0
2649,sess_63157,Tablet,
2650,sess_11098,Mobile,0.0
2651,sess_17055,Desktop,1.0
2652,sess_55857,Tablet,0.0
2653,sess_81813,Tablet,0.0
2654,sess_14299,Tablet,0.0
2655,sess_19331,Desktop,1.0
2656,sess_11416,Tablet,0.0
2657,sess_16725,Mobile,0.0
2658,sess_93075,Tablet,0.0
2659,sess_12749,Mobile,0.0
2660,sess_18224,Mobile,0.0
2661,sess_53242,Desktop,0.0
2662,sess_42317,Desktop,0.0
2663,sess_23251,Tablet,0.0
2664,sess_49115,Mobile,0.0
2665,sess_83061,Mobile,0.0
2666,sess_97314,Desktop,0.0
2667,sess_40561,Tablet,0.0
2668,sess_44072,Tablet,0.0
2669,sess_22282,Mobile,1.0
2670,sess_15141,Tablet,0.0
2671,sess_38322,Tablet,0.0
2672,sess_84103,Mobile,0.0
2673,sess_28452,Desktop,1.0
2674,sess_77185,Tablet,0.0
2675,sess_29549,Desktop,1.0
2676,sess_85425,Tablet,0.0
2677,sess_30828,Desktop,1.0
2678,sess_89491,Tablet,0.0
2679,sess_23015,Tablet,0.0
2680,sess_66994,Tablet,0.0
2681,sess_84715,Tablet,1.0
2682,sess_39707,Tablet,0.0
2683,sess_95406,Mobile,0.0
2684,sess_57395,Tablet,0.0
2685,sess_99908,Mobile,
2686,sess_73618,Tablet,0.0
2687,sess_55437,Desktop,0.0
2688,sess_99573,Desktop,0.0
2689,sess_72395,Desktop,0.0
2690,sess_63085,Mobile,0.0
2691,sess_13280,Mobile,1.0
2692,sess_33880,Desktop,0.0
2693,sess_45495,Mobile,0.0
2694,sess_34163,Desktop,0.0
2695,sess_77340,Tablet,1.0
2696,sess_33350,Tablet,0.0
2697,sess_40103,Tablet,0.0
2698,sess_14305,Tablet,
2699,sess_38143,Mobile,1.0
2700,sess_27988,Desktop,0.0
2701,sess_48650,Mobile,1.0
2702,sess_99556,Desktop,0.0
2703,sess_96206,Tablet,0.0
2704,sess_73272,Desktop,0.0
2705,sess_60881,Mobile,0.0
2706,sess_48962,Desktop,0.0
2707,sess_27162,Tablet,-1.0
2708,sess_31293,Mobile,0.0
2709,sess_59492,Mobile,0.0
2710,sess_37274,Desktop,1.0
2711,sess_42151,Tablet,0.0
2712,sess_83972,Desktop,0.0
2713,sess_40508,Mobile,0.0
2714,sess_23544,Desktop,0.0
2715,sess_32693,Desktop,0.0
2716,sess_16746,Tablet,0.0
2717,sess_83227,Desktop,0.0
2718,sess_88002,Tablet,0.0
2719,sess_72678,Desktop,1.0
2720,sess_37966,Tablet,0.0
2721,sess_38379,Mobile,0.0
2722,sess_68442,Tablet,0.0
2723,sess_70954,Tablet,1.0
2724,sess_81258,Desktop,0.0
2725,sess_17277,Desktop,
2726,sess_93888,Mobile,
2727,sess_51985,Tablet,1.0
2728,sess_21169,Mobile,-1.0
2729,sess_70206,Desktop,1.0
2730,sess_26903,Tablet,1.0
2731,sess_54660,Mobile,1.0
2732,sess_62364,Desktop,1.0
2733,sess_10733,Desktop,1.0
2734,sess_51444,Mobile,0.0
2735,sess_22648,Tablet,1.0
2736,sess_86100,Mobile,0.0
2737,sess_58008,Desktop,0.0
2738,sess_67635,Tablet,0.0
2739,sess_59376,Tablet,1.0
2740,sess_95191,Mobile,0.0
2741,sess_20255,Desktop,0.0
2742,sess_21022,Mobile,0.0
2743,sess_28990,Mobile,0.0
2744,sess_88545,Desktop,0.0
2745,sess_35352,Tablet,1.0
2746,sess_28979,Tablet,1.0
2747,sess_89688,Mobile,
2748,sess_58074,Tablet,0.0
2749,sess_54188,Desktop,0.0
2750,sess_94384,Tablet,0.0
2751,sess_85377,Desktop,0.0
2752,sess_73802,Tablet,0.0
2753,sess_31471,Mobile,0.0
2754,sess_83955,Desktop,1.0
2755,sess_19534,Desktop,0.0
2756,sess_72717,Desktop,0.0
2757,sess_14789,Tablet,0.0
2758,sess_38852,Mobile,0.0
2759,sess_93085,Tablet,0.0
2760,sess_57323,Mobile,1.0
2761,sess_37906,Desktop,0.0
2762,sess_91177,Tablet,0.0
2763,sess_75629,Desktop,0.0
2764,sess_24676,Tablet,1.0
2765,sess_51662,Mobile,0.0
2766,sess_20375,Mobile,1.0
2767,sess_61148,Desktop,1.0
2768,sess_82230,Mobile,1.0
2769,sess_84095,Tablet,0.0
2770,sess_87367,Tablet,1.0
2771,sess_73438,Desktop,0.0
2772,sess_65523,Desktop,0.0
2773,sess_62015,Desktop,1.0
2774,sess_79887,Desktop,0.0
2775,sess_27980,Tablet,0.0
2776,sess_50179,Desktop,0.0
2777,sess_98736,Mobile,0.0
2778,sess_87652,Mobile,1.0
2779,sess_75989,Mobile,1.0
2780,sess_51844,Mobile,1.0
2781,sess_10331,Desktop,0.0
2782,sess_42245,Tablet,0.0
2783,sess_36650,Mobile,0.0
2784,sess_71566,Mobile,0.0
2785,sess_23817,Mobile,0.0
2786,sess_49972,Mobile,0.0
2787,sess_45258,Desktop,0.0
2788,sess_70604,Mobile,0.0
2789,sess_22785,Mobile,0.0
2790,sess_38047,Mobile,0.0
2791,sess_23259,Tablet,0.0
2792,sess_62795,Tablet,0.0
2793,sess_82383,Mobile,1.0
2794,sess_70607,Tablet,0.0
2795,sess_56804,Mobile,0.0
2796,sess_30867,Mobile,0.0
2797,sess_77189,Mobile,0.0
2798,sess_61399,Mobile,0.0
2799,sess_94455,Desktop,0.0
2800,sess_96027,Mobile,
2801,sess_66121,Tablet,0.0
2802,sess_51842,Desktop,0.0
2803,sess_26614,Tablet,0.0
2804,sess_46717,Desktop,0.0
2805,sess_40219,Mobile,0.0
2806,sess_45821,Mobile,0.0
2807,sess_92895,Mobile,0.0
2808,sess_31947,Mobile,0.0
2809,sess_40621,Desktop,1.0
2810,sess_26436,Tablet,0.0
2811,sess_77354,Mobile,0.0
2812,sess_80399,Mobile,1.0
2813,sess_20343,Mobile,0.0
2814,sess_57446,Mobile,1.0
2815,sess_68275,Tablet,0.0
2816,sess_98951,Desktop,0.0
2817,sess_34447,Mobile,0.0
2818,sess_27725,Mobile,0.0
2819,sess_32636,Tablet,0.0
2820,sess_62794,Tablet,
2821,sess_42568,Tablet,1.0
2822,sess_49184,Desktop,
2823,sess_20237,Mobile,0.0
2824,sess_94918,Tablet,
2825,sess_68591,Desktop,0.0
2826,sess_76416,Desktop,0.0
2827,sess_72451,Tablet,1.0
2828,sess_82081,Mobile,1.0
2829,sess_44396,Tablet,0.0
2830,sess_78119,Tablet,0.0
2831,sess_98531,Tablet,0.0
2832,sess_62336,Desktop,
2833,sess_17956,Desktop,0.0
2834,sess_91863,Desktop,0.0
2835,sess_52178,Desktop,0.0
2836,sess_49154,Tablet,0.0
2837,sess_46352,Mobile,0.0
2838,sess_50465,Desktop,1.0
2839,sess_87425,Tablet,0.0
2840,sess_70957,Desktop,
2841,sess_58285,Mobile,1.0
2842,sess_58508,Tablet,1.0
2843,sess_54598,Mobile,1.0
2844,sess_37193,Tablet,0.0
2845,sess_13634,Desktop,0.0
2846,sess_68158,Desktop,0.0
2847,sess_51104,Desktop,1.0
2848,sess_87236,Desktop,0.0
2849,sess_31920,Mobile,1.0
2850,sess_70964,Tablet,0.0
2851,sess_68170,Desktop,0.0
2852,sess_96877,Desktop,0.0
2853,sess_53094,Mobile,0.0
2854,sess_82876,Mobile,1.0
2855,sess_11130,Desktop,0.0
2856,sess_90383,Mobile,0.0
2857,sess_20078,Mobile,0.0
2858,sess_79037,Desktop,0.0
2859,sess_97769,Desktop,0.0
2860,sess_18556,Desktop,0.0
2861,sess_84803,Desktop,0.0
2862,sess_23799,Tablet,0.0
2863,sess_58807,Tablet,-1.0
2864,sess_82998,Tablet,0.0
2865,sess_26574,Mobile,0.0
2866,sess_92297,Mobile,0.0
2867,sess_25796,Mobile,1.0
2868,sess_43312,Tablet,0.0
2869,sess_46499,Mobile,0.0
2870,sess_99122,Tablet,0.0
2871,sess_58583,Tablet,0.0
2872,sess_25893,Tablet,0.0
2873,sess_21562,Tablet,0.0
2874,sess_43907,Mobile,0.0
2875,sess_12425,Desktop,0.0
2876,sess_49187,Mobile,1.0
2877,sess_77686,Mobile,0.0
2878,sess_42373,Desktop,0.0
2879,sess_55200,Tablet,1.0
2880,sess_73915,Mobile,0.0
2881,sess_39600,Tablet,1.0
2882,sess_83620,Tablet,0.0
2883,sess_34252,Tablet,1.0
2884,sess_72463,Mobile,0.0
2885,sess_52621,Desktop,0.0
2886,sess_68349,Mobile,0.0
2887,sess_25855,Desktop,0.0
2888,sess_60851,Desktop,0.0
2889,sess_28561,Desktop,0.0
2890,sess_83008,Mobile,0.0
2891,sess_46036,Tablet,1.0
2892,sess_61106,Desktop,1.0
2893,sess_99414,Tablet,0.0
2894,sess_80360,Desktop,0.0
2895,sess_88010,Mobile,0.0
2896,sess_22861,Mobile,0.0
2897,sess_54724,Mobile,0.0
2898,sess_99711,Tablet,1.0
2899,sess_54054,Mobile,1.0
2900,sess_58866,Mobile,0.0
2901,sess_78897,Tablet,0.0
2902,sess_26556,Desktop,1.0
2903,sess_34245,Tablet,1.0
2904,sess_85565,Desktop,0.0
2905,sess_31742,Mobile,0.0
2906,sess_57991,Desktop,
2907,sess_14218,Mobile,0.0
2908,sess_12182,Mobile,0.0
2909,sess_53538,Mobile,0.0
2910,sess_57885,Tablet,1.0
2911,sess_27628,Tablet,0.0
2912,sess_71546,Tablet,0.0
2913,sess_66304,Tablet,0.0
2914,sess_70627,Tablet,
2915,sess_17754,Mobile,0.0
2916,sess_23560,Mobile,0.0
2917,sess_67850,Mobile,0.0
2918,sess_63038,Mobile,1.0
2919,sess_84136,Desktop,0.0
2920,sess_36073,Tablet,0.0
2921,sess_86312,Desktop,0.0
2922,sess_21585,Desktop,0.0
2923,sess_53784,Desktop,
2924,sess_14572,Tablet,11.200726249168966
2925,sess_49909,Mobile,1.0
2926,sess_83246,Mobile,0.0
2927,sess_99439,Desktop,0.0
2928,sess_91050,Mobile,0.0
2929,sess_82936,Tablet,0.0
2930,sess_54204,Mobile,0.0
2931,sess_89010,Mobile,1.0
2932,sess_34011,Tablet,0.0
2933,sess_39441,Desktop,0.0
2934,sess_91815,Desktop,0.0
2935,sess_94485,Tablet,1.0
2936,sess_43357,Desktop,1.0
2937,sess_84578,Desktop,0.0
2938,sess_85140,Desktop,0.0
2939,sess_59605,Desktop,0.0
2940,sess_98963,Tablet,0.0
2941,sess_56656,Desktop,0.0
2942,sess_74754,Desktop,0.0
2943,sess_95663,Tablet,0.0
2944,sess_54048,Mobile,0.0
2945,sess_66311,Tablet,0.0
2946,sess_54798,Desktop,
2947,sess_70820,Tablet,0.0
2948,sess_13540,Tablet,0.0
2949,sess_65846,Tablet,0.0
2950,sess_44317,Tablet,0.0
2951,sess_92459,Mobile,1.0
2952,sess_28249,Tablet,0.0
2953,sess_91355,Desktop,0.0
2954,sess_31853,Mobile,0.0
2955,sess_33915,Tablet,0.0
2956,sess_14909,Desktop,0.0
2957,sess_18515,Desktop,
2958,sess_33139,Desktop,1.0
2959,sess_32975,Desktop,0.0
2960,sess_38553,Mobile,1.0
2961,sess_42165,Desktop,1.0
2962,sess_75431,Desktop,1.0
2963,sess_42552,Desktop,0.0
2964,sess_66916,Desktop,0.0
2965,sess_64286,Mobile,1.0
2966,sess_59428,Tablet,0.0
2967,sess_14937,Tablet,0.0
2968,sess_49619,Tablet,0.0
2969,sess_78127,Mobile,0.0
2970,sess_90595,Tablet,0.0
2971,sess_46725,Desktop,1.0
2972,sess_85878,Mobile,0.0
2973,sess_16301,Tablet,1.0
2974,sess_60428,Tablet,0.0
2975,sess_75651,Tablet,0.0
2976,sess_16266,Mobile,1.0
2977,sess_45393,Mobile,0.0
2978,sess_77276,Desktop,0.0
2979,sess_96046,Mobile,0.0
2980,sess_17155,Mobile,1.0
2981,sess_56412,Desktop,0.0
2982,sess_20089,Tablet,0.0
2983,sess_11712,Tablet,0.0
2984,sess_64753,Mobile,1.0
2985,sess_65412,Desktop,0.0
2986,sess_39421,Tablet,0.0
2987,sess_42062,Desktop,0.0
2988,sess_16396,Desktop,1.0
2989,sess_84446,Mobile,0.0
2990,sess_93642,Tablet,0.0
2991,sess_97694,Desktop,0.0
2992,sess_15045,Tablet,0.0
2993,sess_19708,Tablet,
2994,sess_88422,Tablet,0.0
2995,sess_94845,Tablet,1.0
2996,sess_41240,Desktop,0.0
2997,sess_34577,Tablet,0.0
2998,sess_98494,Desktop,0.0
2999,sess_40907,Mobile,0.0
3000,sess_81514,Mobile,1.0
3001,sess_23207,Desktop,
3002,sess_80622,Mobile,0.0
3003,sess_15338,Mobile,0.0
3004,sess_52826,Tablet,0.0
3005,sess_99245,Desktop,1.0
3006,sess_80969,Desktop,0.0
3007,sess_27089,Tablet,0.0
3008,sess_55737,Mobile,0.0
3009,sess_60317,Tablet,0.0
3010,sess_95361,Desktop,0.0
3011,sess_80046,Tablet,0.0
3012,sess_22096,Desktop,0.0
3013,sess_41203,Desktop,-0.0
3014,sess_25843,Mobile,0.0
3015,sess_58765,Desktop,0.0
3016,sess_13505,Mobile,0.0
3017,sess_78014,Tablet,1.0
3018,sess_40244,Mobile,0.0
3019,sess_64580,Tablet,0.0
3020,sess_93620,Tablet,0.0
3021,sess_97536,Tablet,0.0
3022,sess_36165,Desktop,0.0
3023,sess_36555,Mobile,0.0
3024,sess_46558,Tablet,0.0
3025,sess_73105,Tablet,0.0
3026,sess_91672,Mobile,0.0
3027,sess_53284,Tablet,0.0
3028,sess_83834,Desktop,0.0
3029,sess_63939,Mobile,0.0
3030,sess_70675,Tablet,1.0
3031,sess_30736,Mobile,0.0
3032,sess_50784,Desktop,0.0
3033,sess_17234,Desktop,0.0
3034,sess_95081,Tablet,0.0
3035,sess_20543,Mobile,0.0
3036,sess_97803,Desktop,0.0
3037,sess_63992,Mobile,1.0
3038,sess_60852,Mobile,0.0
3039,sess_51053,Tablet,
3040,sess_63083,Desktop,1.0
3041,sess_44501,Tablet,0.0
3042,sess_35812,Mobile,0.0
3043,sess_38063,Tablet,0.0
3044,sess_73918,Tablet,0.0
3045,sess_64557,Desktop,0.0
3046,sess_16247,Mobile,-0.0
3047,sess_94717,Tablet,0.0
3048,sess_67686,Mobile,1.0
3049,sess_45575,Tablet,0.0
3050,sess_71776,Desktop,1.0
3051,sess_40345,Tablet,0.0
3052,sess_44047,Desktop,0.0
3053,sess_43623,Tablet,0.0
3054,sess_80991,Tablet,1.0
3055,sess_16103,Desktop,0.0
3056,sess_47767,Tablet,0.0
3057,sess_90970,Tablet,1.0
3058,sess_81884,Desktop,0.0
3059,sess_71354,Tablet,1.0
3060,sess_69775,Mobile,0.0
3061,sess_32944,Tablet,0.0
3062,sess_95580,Desktop,0.0
3063,sess_90264,Tablet,1.0
3064,sess_57052,Mobile,0.0
3065,sess_95745,Mobile,1.0
3066,sess_57395,Tablet,0.0
3067,sess_29822,Tablet,0.0
3068,sess_58828,Desktop,0.0
3069,sess_47066,Tablet,0.0
3070,sess_82390,Desktop,1.0
3071,sess_70029,Mobile,0.0
3072,sess_78739,Mobile,0.0
3073,sess_12723,Mobile,0.0
3074,sess_29310,Mobile,1.0
3075,sess_22479,Tablet,0.0
3076,sess_96140,Tablet,0.0
3077,sess_93006,Desktop,0.0
3078,sess_65760,Desktop,0.0
3079,sess_47745,Mobile,0.0
3080,sess_46714,Desktop,1.0
3081,sess_14407,Tablet,0.0
3082,sess_17444,Desktop,0.0
3083,sess_70027,Mobile,0.0
3084,sess_97102,Desktop,0.0
3085,sess_79450,Tablet,0.0
3086,sess_16558,Desktop,0.0
3087,sess_88612,Mobile,0.0
3088,sess_50516,Tablet,0.0
3089,sess_47970,Desktop,0.0
3090,sess_70809,Mobile,1.0
3091,sess_58208,Desktop,
3092,sess_14520,Desktop,0.0
3093,sess_29526,Tablet,0.0
3094,sess_35251,Tablet,-0.0
3095,sess_37954,Tablet,0.0
3096,sess_17418,Mobile,1.0
3097,sess_94675,Desktop,0.0
3098,sess_86226,Mobile,1.0
3099,sess_13623,Tablet,0.0
3100,sess_78080,Mobile,0.0
3101,sess_53412,Mobile,0.0
3102,sess_72554,Tablet,0.0
3103,sess_60716,Desktop,1.0
3104,sess_16462,Mobile,0.0
3105,sess_42006,Desktop,0.0
3106,sess_83983,Tablet,1.0
3107,sess_61565,Desktop,0.0
3108,sess_81614,Desktop,0.0
3109,sess_76243,Desktop,0.0
3110,sess_46075,Desktop,0.0
3111,sess_23484,Mobile,0.0
3112,sess_89520,Mobile,1.0
3113,sess_68163,Tablet,0.0
3114,sess_41804,Tablet,0.0
3115,sess_60300,Tablet,0.0
3116,sess_44780,Mobile,-0.0
3117,sess_72106,Mobile,1.0
3118,sess_64692,Mobile,0.0
3119,sess_74126,Desktop,0.0
3120,sess_27176,Mobile,0.0
3121,sess_29269,Mobile,1.0
3122,sess_90176,Mobile,0.0
3123,sess_97719,Tablet,0.0
3124,sess_74560,Tablet,0.0
3125,sess_69055,Tablet,0.0
3126,sess_41416,Mobile,0.0
3127,sess_32856,Mobile,0.0
3128,sess_16673,Tablet,1.0
3129,sess_56849,Desktop,0.0
3130,sess_75647,Tablet,1.0
3131,sess_25452,Desktop,0.0
3132,sess_51502,Desktop,1.0
3133,sess_69630,Mobile,1.0
3134,sess_15235,Mobile,0.0
3135,sess_76577,Mobile,1.0
3136,sess_57052,Desktop,-0.0
3137,sess_15721,Desktop,0.0
3138,sess_36243,Tablet,0.0
3139,sess_73762,Tablet,1.0
3140,sess_19679,Tablet,0.0
3141,sess_66923,Tablet,0.0
3142,sess_39050,Desktop,0.0
3143,sess_34016,Mobile,1.0
3144,sess_44513,Mobile,0.0
3145,sess_43247,Mobile,0.0
3146,sess_89792,Desktop,0.0
3147,sess_28291,Mobile,0.0
3148,sess_96124,Tablet,0.0
3149,sess_43237,Tablet,1.0
3150,sess_50486,Mobile,1.0
3151,sess_34594,Mobile,0.0
3152,sess_80931,Tablet,0.0
3153,sess_28738,Mobile,0.0
3154,sess_50595,Mobile,0.0
3155,sess_91068,Mobile,0.0
3156,sess_83967,Desktop,1.0
3157,sess_37086,Mobile,0.0
3158,sess_73858,Tablet,
3159,sess_10559,Desktop,-1.0
3160,sess_45772,Tablet,0.0
3161,sess_33594,Tablet,1.0
3162,sess_59726,Mobile,0.0
3163,sess_82415,Tablet,0.0
3164,sess_84936,Mobile,0.0
3165,sess_41462,Desktop,0.0
3166,sess_39509,Mobile,1.0
3167,sess_68331,Mobile,0.0
3168,sess_79656,Mobile,0.0
3169,sess_90085,Mobile,0.0
3170,sess_22695,Mobile,0.0
3171,sess_36549,Desktop,1.0
3172,sess_44684,Mobile,1.0
3173,sess_54379,Desktop,0.0
3174,sess_14319,Tablet,0.0
3175,sess_24542,Mobile,1.0
3176,sess_29175,Tablet,
3177,sess_75237,Desktop,0.0
3178,sess_27175,Mobile,0.0
3179,sess_10412,Mobile,0.0
3180,sess_91588,Tablet,0.0
3181,sess_42752,Tablet,0.0
3182,sess_95544,Tablet,0.0
3183,sess_73229,Desktop,1.0
3184,sess_15469,Desktop,0.0
3185,sess_22412,Mobile,0.0
3186,sess_65834,Tablet,1.0
3187,sess_42794,Desktop,0.0
3188,sess_77537,Desktop,1.0
3189,sess_42574,Desktop,
3190,sess_92883,Tablet,0.0
3191,sess_13463,Desktop,0.0
3192,sess_20446,Desktop,0.0
3193,sess_12997,Tablet,0.0
3194,sess_89954,Desktop,0.0
3195,sess_29584,Tablet,0.0
3196,sess_71478,Tablet,0.0
3197,sess_48607,Desktop,1.0
3198,sess_22862,Tablet,1.0
3199,sess_69499,Mobile,0.0
3200,sess_84298,Tablet,0.0
3201,sess_30235,Mobile,1.0
3202,sess_57698,Mobile,0.0
3203,sess_20587,Tablet,1.0
3204,sess_39108,Mobile,0.0
3205,sess_14711,Mobile,0.0
3206,sess_62372,Desktop,0.0
3207,sess_90679,Tablet,0.0
3208,sess_53810,Tablet,1.0
3209,sess_68946,Mobile,0.0
3210,sess_56229,Tablet,
3211,sess_98478,Tablet,1.0
3212,sess_17649,Desktop,0.0
3213,sess_90520,Desktop,0.0
3214,sess_45447,Tablet,1.0
3215,sess_81247,Desktop,1.0
3216,sess_64829,Tablet,1.0
3217,sess_61557,Desktop,0.0
3218,sess_89652,Mobile,0.0
3219,sess_10609,Desktop,0.0
3220,sess_13809,Mobile,0.0
3221,sess_31669,Desktop,0.0
3222,sess_23756,Tablet,0.0
3223,sess_38102,Tablet,0.0
3224,sess_21084,Mobile,1.0
3225,sess_28866,Mobile,0.0
3226,sess_73728,Tablet,0.0
3227,sess_18348,Desktop,-0.0
3228,sess_23250,Mobile,0.0
3229,sess_78218,Tablet,1.0
3230,sess_40709,Desktop,1.0
3231,sess_79273,Tablet,0.0
3232,sess_79476,Tablet,0.0
3233,sess_57627,Desktop,1.0
3234,sess_29517,Desktop,1.0
3235,sess_23068,Desktop,1.0
3236,sess_93876,Desktop,0.0
3237,sess_57457,Tablet,0.0
3238,sess_81972,Tablet,1.0
3239,sess_69665,Tablet,0.0
3240,sess_32831,Desktop,0.0
3241,sess_45624,Tablet,0.0
3242,sess_58596,Tablet,0.0
3243,sess_71958,Desktop,0.0
3244,sess_42441,Desktop,1.0
3245,sess_13639,Mobile,0.0
3246,sess_35531,Desktop,1.0
3247,sess_53434,Tablet,1.0
3248,sess_22076,Desktop,0.0
3249,sess_72021,Mobile,0.0
3250,sess_50482,Mobile,
3251,sess_50851,Tablet,1.0
3252,sess_43575,Desktop,0.0
3253,sess_15612,Desktop,0.0
3254,sess_93352,Mobile,0.0
3255,sess_22939,Desktop,0.0
3256,sess_61662,Tablet,0.0
3257,sess_54932,Tablet,0.0
3258,sess_44084,Desktop,0.0
3259,sess_84826,Desktop,0.0
3260,sess_12326,Tablet,0.0
3261,sess_84081,Desktop,1.0
3262,sess_31676,Mobile,0.0
3263,sess_41162,Mobile,
3264,sess_90691,Desktop,0.0
3265,sess_18967,Mobile,0.0
3266,sess_27534,Tablet,11.200726249168966
3267,sess_17346,Desktop,0.0
3268,sess_14657,Mobile,0.0
3269,sess_96920,Tablet,0.0
3270,sess_16114,Desktop,0.0
3271,sess_93330,Desktop,0.0
3272,sess_58205,Desktop,0.0
3273,sess_30508,Desktop,0.0
3274,sess_59320,Mobile,0.0
3275,sess_62052,Desktop,1.0
3276,sess_43497,Desktop,0.0
3277,sess_97227,Mobile,0.0
3278,sess_70906,Mobile,0.0
3279,sess_63767,Tablet,0.0
3280,sess_33003,Mobile,0.0
3281,sess_86877,Desktop,0.0
3282,sess_73578,Mobile,0.0
3283,sess_15758,Desktop,1.0
3284,sess_53678,Mobile,0.0
3285,sess_10797,Tablet,1.0
3286,sess_49656,Tablet,0.0
3287,sess_55208,Tablet,0.0
3288,sess_98944,Tablet,1.0
3289,sess_82707,Tablet,1.0
3290,sess_53722,Mobile,0.0
3291,sess_64909,Desktop,0.0
3292,sess_84159,Mobile,1.0
3293,sess_97085,Tablet,0.0
3294,sess_30878,Tablet,1.0
3295,sess_18166,Desktop,0.0
3296,sess_41218,Tablet,1.0
3297,sess_10658,Mobile,0.0
3298,sess_78071,Tablet,1.0
3299,sess_81129,Tablet,0.0
3300,sess_93906,Desktop,
3301,sess_33875,Tablet,0.0
3302,sess_47845,Mobile,0.0
3303,sess_86242,Tablet,0.0
3304,sess_99733,Mobile,1.0
3305,sess_13324,Tablet,0.0
3306,sess_46558,Mobile,0.0
3307,sess_81994,Tablet,0.0
3308,sess_95687,Desktop,1.0
3309,sess_75215,Mobile,0.0
3310,sess_28612,Tablet,0.0
3311,sess_52924,Mobile,1.0
3312,sess_78815,Tablet,1.0
3313,sess_74690,Desktop,0.0
3314,sess_76279,Desktop,0.0
3315,sess_33383,Desktop,0.0
3316,sess_59977,Mobile,0.0
3317,sess_64834,Desktop,1.0
3318,sess_75401,Mobile,1.0
3319,sess_51224,Mobile,0.0
3320,sess_32825,Desktop,0.0
3321,sess_40012,Mobile,0.0
3322,sess_26871,Mobile,0.0
3323,sess_93002,Mobile,1.0
3324,sess_55022,Mobile,0.0
3325,sess_56736,Desktop,0.0
3326,sess_44492,Mobile,0.0
3327,sess_71246,Desktop,1.0
3328,sess_43242,Desktop,0.0
3329,sess_70506,Mobile,0.0
3330,sess_43472,Mobile,
3331,sess_86786,Desktop,0.0
3332,sess_12040,Desktop,1.0
3333,sess_90290,Desktop,0.0
3334,sess_69519,Mobile,0.0
3335,sess_85981,Mobile,0.0
3336,sess_45251,Tablet,0.0
3337,sess_14178,Mobile,0.0
3338,sess_56091,Mobile,1.0
3339,sess_83732,Desktop,0.0
3340,sess_19838,Mobile,1.0
3341,sess_44471,Tablet,1.0
3342,sess_72360,Desktop,1.0
3343,sess_79938,Tablet,
3344,sess_28256,Mobile,0.0
3345,sess_54959,Tablet,0.0
3346,sess_26354,Mobile,
3347,sess_87338,Desktop,0.0
3348,sess_87507,Tablet,0.0
3349,sess_99907,Mobile,0.0
3350,sess_87247,Desktop,0.0
3351,sess_19526,Desktop,0.0
3352,sess_41028,Desktop,0.0
3353,sess_76207,Mobile,0.0
3354,sess_61987,Desktop,0.0
3355,sess_74184,Mobile,1.0
3356,sess_44798,Tablet,0.0
3357,sess_69754,Mobile,0.0
3358,sess_94305,Mobile,1.0
3359,sess_24118,Mobile,
3360,sess_65387,Tablet,0.0
3361,sess_57417,Mobile,0.0
3362,sess_40367,Tablet,0.0
3363,sess_79771,Tablet,0.0
3364,sess_10426,Tablet,1.0
3365,sess_76394,Tablet,0.0
3366,sess_53908,Desktop,0.0
3367,sess_89099,Tablet,1.0
3368,sess_16205,Desktop,0.0
3369,sess_46846,Tablet,-0.0
3370,sess_18503,Tablet,0.0
3371,sess_87805,Desktop,1.0
3372,sess_53476,Desktop,0.0
3373,sess_57541,Mobile,0.0
3374,sess_67717,Desktop,1.0
3375,sess_38503,Desktop,0.0
3376,sess_63507,Desktop,1.0
3377,sess_85385,Mobile,1.0
3378,sess_74987,Mobile,1.0
3379,sess_20029,Tablet,1.0
3380,sess_78404,Tablet,0.0
3381,sess_16227,Mobile,0.0
3382,sess_21422,Desktop,1.0
3383,sess_79749,Mobile,0.0
3384,sess_60953,Mobile,0.0
3385,sess_10221,Mobile,0.0
3386,sess_99184,Mobile,0.0
3387,sess_97979,Mobile,1.0
3388,sess_74383,Tablet,0.0
3389,sess_23260,Desktop,1.0
3390,sess_38003,Tablet,0.0
3391,sess_97504,Tablet,0.0
3392,sess_79171,Mobile,0.0
3393,sess_54259,Tablet,
3394,sess_26648,Desktop,
3395,sess_12235,Desktop,1.0
3396,sess_47688,Desktop,1.0
3397,sess_69047,Mobile,1.0
3398,sess_97405,Tablet,1.0
3399,sess_70794,Mobile,0.0
3400,sess_32160,Tablet,0.0
3401,sess_31347,Tablet,1.0
3402,sess_85639,Desktop,0.0
3403,sess_71547,Tablet,1.0
3404,sess_55404,Desktop,1.0
3405,sess_70569,Mobile,-0.0
3406,sess_91460,Tablet,1.0
3407,sess_61727,Tablet,1.0
3408,sess_30679,Desktop,0.0
3409,sess_34531,Tablet,0.0
3410,sess_49165,Desktop,0.0
3411,sess_51203,Mobile,0.0
3412,sess_96838,Tablet,1.0
3413,sess_97335,Mobile,1.0
3414,sess_58272,Mobile,0.0
3415,sess_82017,Desktop,0.0
3416,sess_41143,Desktop,0.0
3417,sess_89222,Tablet,1.0
3418,sess_87265,Mobile,1.0
3419,sess_81536,Desktop,0.0
3420,sess_53054,Tablet,0.0
3421,sess_66550,Mobile,1.0
3422,sess_47355,Tablet,0.0
3423,sess_21988,Mobile,0.0
3424,sess_86232,Mobile,0.0
3425,sess_19768,Tablet,1.0
3426,sess_37112,Mobile,0.0
3427,sess_40673,Desktop,0.0
3428,sess_85973,Tablet,1.0
3429,sess_29395,Mobile,0.0
3430,sess_59844,Mobile,
3431,sess_43862,Mobile,0.0
3432,sess_32485,Mobile,0.0
3433,sess_61725,Mobile,0.0
3434,sess_79683,Tablet,0.0
3435,sess_67225,Tablet,0.0
3436,sess_11996,Desktop,1.0
3437,sess_44631,Desktop,0.0
3438,sess_27571,Tablet,1.0
3439,sess_40038,Tablet,0.0
3440,sess_91060,Mobile,1.0
3441,sess_77930,Desktop,1.0
3442,sess_99168,Desktop,0.0
3443,sess_94967,Desktop,0.0
3444,sess_90281,Mobile,1.0
3445,sess_86866,Desktop,0.0
3446,sess_25346,Mobile,0.0
3447,sess_46344,Mobile,0.0
3448,sess_42348,Mobile,1.0
3449,sess_47827,Mobile,0.0
3450,sess_79014,Tablet,0.0
3451,sess_10665,Desktop,0.0
3452,sess_84886,Tablet,1.0
3453,sess_54186,Desktop,
3454,sess_43979,Tablet,0.0
3455,sess_53687,Mobile,1.0
3456,sess_25865,Tablet,0.0
3457,sess_53106,Mobile,
3458,sess_64256,Tablet,0.0
3459,sess_53167,Mobile,0.0
3460,sess_77941,Tablet,1.0
3461,sess_49956,Mobile,1.0
3462,sess_39677,Desktop,0.0
3463,sess_77130,Mobile,1.0
3464,sess_82727,Tablet,1.0
3465,sess_47120,Desktop,0.0
3466,sess_19269,Mobile,1.0
3467,sess_10820,Tablet,0.0
3468,sess_57193,Tablet,1.0
3469,sess_52855,Mobile,0.0
3470,sess_50645,Desktop,0.0
3471,sess_95969,Tablet,1.0
3472,sess_15067,Tablet,1.0
3473,sess_82065,Tablet,0.0
3474,sess_70765,Desktop,0.0
3475,sess_65555,Desktop,
3476,sess_74112,Tablet,0.0
3477,sess_46323,Tablet,0.0
3478,sess_56879,Desktop,0.0
3479,sess_84925,Desktop,0.0
3480,sess_90725,Mobile,0.0
3481,sess_86963,Mobile,0.0
3482,sess_13588,Mobile,1.0
3483,sess_31101,Mobile,0.0
3484,sess_70725,Tablet,1.0
3485,sess_16637,Tablet,0.0
3486,sess_27690,Mobile,0.0
3487,sess_47503,Tablet,0.0
3488,sess_93815,Desktop,0.0
3489,sess_55492,Desktop,0.0
3490,sess_61603,Mobile,0.0
3491,sess_28434,Tablet,
3492,sess_30395,Desktop,1.0
3493,sess_54212,Tablet,0.0
3494,sess_86943,Desktop,0.0
3495,sess_95233,Tablet,1.0
3496,sess_30245,Desktop,0.0
3497,sess_65008,Desktop,
3498,sess_41881,Desktop,0.0
3499,sess_49553,Mobile,0.0
3500,sess_91540,Tablet,0.0
3501,sess_74274,Mobile,1.0
3502,sess_21270,Tablet,0.0
3503,sess_52398,Desktop,1.0
3504,sess_53203,Mobile,1.0
3505,sess_19661,Desktop,0.0
3506,sess_36079,Mobile,0.0
3507,sess_45336,Tablet,1.0
3508,sess_52272,Tablet,0.0
3509,sess_22226,Tablet,0.0
3510,sess_76811,Desktop,0.0
3511,sess_10464,Mobile,0.0
3512,sess_73625,Mobile,0.0
3513,sess_64495,Mobile,0.0
3514,sess_20519,Mobile,0.0
3515,sess_74875,Mobile,0.0
3516,sess_74456,Mobile,0.0
3517,sess_88236,Tablet,0.0
3518,sess_64610,Tablet,0.0
3519,sess_76346,Mobile,0.0
3520,sess_95920,Mobile,1.0
3521,sess_14968,Mobile,1.0
3522,sess_17816,Mobile,1.0
3523,sess_12549,Tablet,0.0
3524,sess_28246,Desktop,1.0
3525,sess_54793,Tablet,1.0
3526,sess_29885,Mobile,1.0
3527,sess_26413,Mobile,0.0
3528,sess_28974,Tablet,
3529,sess_66737,Tablet,0.0
3530,sess_63530,Desktop,0.0
3531,sess_44356,Desktop,0.0
3532,sess_87800,Tablet,0.0
3533,sess_74182,Tablet,1.0
3534,sess_91893,Tablet,0.0
3535,sess_76766,Mobile,0.0
3536,sess_64295,Tablet,0.0
3537,sess_50354,Desktop,0.0
3538,sess_84434,Mobile,0.0
3539,sess_29696,Tablet,0.0
3540,sess_49686,Mobile,0.0
3541,sess_65792,Mobile,
3542,sess_52043,Mobile,0.0
3543,sess_91865,Desktop,0.0
3544,sess_64974,Mobile,1.0
3545,sess_47502,Desktop,0.0
3546,sess_54535,Desktop,0.0
3547,sess_64472,Desktop,0.0
3548,sess_16160,Desktop,1.0
3549,sess_10528,Mobile,1.0
3550,sess_19131,Tablet,0.0
3551,sess_51907,Tablet,-0.0
3552,sess_56947,Tablet,0.0
3553,sess_81236,Tablet,0.0
3554,sess_24006,Tablet,0.0
3555,sess_58291,Tablet,0.0
3556,sess_51688,Tablet,0.0
3557,sess_65143,Tablet,0.0
3558,sess_13409,Desktop,0.0
3559,sess_15301,Mobile,0.0
3560,sess_72522,Desktop,0.0
3561,sess_87399,Tablet,1.0
3562,sess_12027,Tablet,1.0
3563,sess_67227,Tablet,0.0
3564,sess_62948,Mobile,0.0
3565,sess_91619,Desktop,1.0
3566,sess_84450,Mobile,1.0
3567,sess_97969,Desktop,0.0
3568,sess_59799,Desktop,0.0
3569,sess_88401,Tablet,1.0
3570,sess_56875,Desktop,
3571,sess_68207,Desktop,1.0
3572,sess_95074,Mobile,1.0
3573,sess_76038,Desktop,0.0
3574,sess_31112,Mobile,0.0
3575,sess_85752,Desktop,0.0
3576,sess_57042,Mobile,
3577,sess_24287,Tablet,0.0
3578,sess_34986,Desktop,1.0
3579,sess_38771,Mobile,0.0
3580,sess_43962,Mobile,0.0
3581,sess_87632,Tablet,0.0
3582,sess_21142,Tablet,-0.0
3583,sess_64248,Mobile,0.0
3584,sess_80459,Mobile,0.0
3585,sess_52195,Mobile,0.0
3586,sess_35856,Desktop,1.0
3587,sess_81114,Desktop,0.0
3588,sess_80761,Mobile,0.0
3589,sess_29099,Tablet,0.0
3590,sess_75668,Tablet,1.0
3591,sess_15595,Tablet,0.0
3592,sess_77451,Desktop,
3593,sess_32628,Tablet,0.0
3594,sess_22674,Tablet,-0.0
3595,sess_42963,Mobile,0.0
3596,sess_25646,Tablet,0.0
3597,sess_66876,Desktop,1.0
3598,sess_77765,Desktop,1.0
3599,sess_75709,Mobile,1.0
3600,sess_94264,Mobile,0.0
3601,sess_57592,Desktop,0.0
3602,sess_80507,Mobile,0.0
3603,sess_79899,Desktop,0.0
3604,sess_39540,Tablet,0.0
3605,sess_68853,Desktop,
3606,sess_67065,Desktop,0.0
3607,sess_38449,Tablet,0.0
3608,sess_63412,Tablet,0.0
3609,sess_69668,Tablet,
3610,sess_31411,Mobile,1.0
3611,sess_41450,Mobile,1.0
3612,sess_51540,Mobile,0.0
3613,sess_37767,Desktop,1.0
3614,sess_22314,Tablet,1.0
3615,sess_73639,Mobile,0.0
3616,sess_30468,Mobile,1.0
3617,sess_19809,Mobile,0.0
3618,sess_92952,Mobile,1.0
3619,sess_40951,Tablet,0.0
3620,sess_19558,Tablet,1.0
3621,sess_18954,Mobile,0.0
3622,sess_11040,Desktop,
3623,sess_68888,Tablet,0.0
3624,sess_68451,Desktop,0.0
3625,sess_16730,Desktop,1.0
3626,sess_20508,Tablet,1.0
3627,sess_41203,Desktop,0.0
3628,sess_89637,Tablet,0.0
3629,sess_20946,Mobile,1.0
3630,sess_18145,Tablet,
3631,sess_18909,Mobile,1.0
3632,sess_42224,Desktop,0.0
3633,sess_43198,Desktop,1.0
3634,sess_99222,Mobile,1.0
3635,sess_28851,Tablet,0.0
3636,sess_42834,Mobile,1.0
3637,sess_79266,Desktop,0.0
3638,sess_43290,Mobile,1.0
3639,sess_67245,Mobile,0.0
3640,sess_17759,Mobile,1.0
3641,sess_34257,Desktop,0.0
3642,sess_92780,Tablet,0.0
3643,sess_36243,Tablet,0.0
3644,sess_75936,Desktop,0.0
3645,sess_30098,Desktop,0.0
3646,sess_43437,Mobile,11.200726249168966
3647,sess_51593,Tablet,0.0
3648,sess_31407,Tablet,1.0
3649,sess_27659,Tablet,0.0
3650,sess_39870,Desktop,1.0
3651,sess_64147,Tablet,1.0
3652,sess_83706,Mobile,
3653,sess_66587,Tablet,0.0
3654,sess_91270,Tablet,0.0
3655,sess_11341,Mobile,0.0
3656,sess_97452,Mobile,0.0
3657,sess_94403,Desktop,0.0
3658,sess_97148,Desktop,1.0
3659,sess_17162,Mobile,0.0
3660,sess_53861,Tablet,
3661,sess_56466,Tablet,0.0
3662,sess_53495,Mobile,1.0
3663,sess_58898,Desktop,0.0
3664,sess_36139,Mobile,0.0
3665,sess_93099,Tablet,0.0
3666,sess_72755,Tablet,1.0
3667,sess_92748,Desktop,1.0
3668,sess_91738,Desktop,0.0
3669,sess_98908,Desktop,0.0
3670,sess_50509,Mobile,1.0
3671,sess_75846,Desktop,1.0
3672,sess_97250,Mobile,1.0
3673,sess_91242,Mobile,0.0
3674,sess_67306,Mobile,0.0
3675,sess_88352,Desktop,0.0
3676,sess_85594,Mobile,1.0
3677,sess_39974,Desktop,0.0
3678,sess_10575,Mobile,0.0
3679,sess_51878,Mobile,0.0
3680,sess_65661,Desktop,1.0
3681,sess_79371,Mobile,0.0
3682,sess_76938,Tablet,0.0
3683,sess_30147,Mobile,0.0
3684,sess_22255,Desktop,1.0
3685,sess_66908,Tablet,0.0
3686,sess_77723,Desktop,0.0
3687,sess_11797,Mobile,0.0
3688,sess_80115,Desktop,1.0
3689,sess_22855,Mobile,0.0
3690,sess_97122,Tablet,0.0
3691,sess_47724,Desktop,0.0
3692,sess_59193,Tablet,1.0
3693,sess_52537,Tablet,0.0
3694,sess_83311,Mobile,
3695,sess_19329,Desktop,0.0
3696,sess_10521,Desktop,0.0
3697,sess_18452,Desktop,0.0
3698,sess_63661,Tablet,0.0
3699,sess_71030,Mobile,0.0
3700,sess_81720,Tablet,0.0
3701,sess_32158,Desktop,0.0
3702,sess_30656,Mobile,0.0
3703,sess_29403,Mobile,0.0
3704,sess_86122,Mobile,0.0
3705,sess_72483,Mobile,1.0
3706,sess_34804,Mobile,1.0
3707,sess_71281,Desktop,0.0
3708,sess_37589,Desktop,0.0
3709,sess_66961,Desktop,1.0
3710,sess_73768,Desktop,0.0
3711,sess_48126,Tablet,0.0
3712,sess_40657,Mobile,1.0
3713,sess_94314,Mobile,0.0
3714,sess_63262,Desktop,0.0
3715,sess_60676,Desktop,0.0
3716,sess_52380,Mobile,0.0
3717,sess_24324,Tablet,1.0
3718,sess_34455,Tablet,0.0
3719,sess_27173,Mobile,0.0
3720,sess_58497,Desktop,0.0
3721,sess_15104,Mobile,0.0
3722,sess_62925,Desktop,-0.0
3723,sess_64860,Mobile,0.0
3724,sess_80168,Mobile,0.0
3725,sess_47555,Desktop,0.0
3726,sess_43601,Mobile,0.0
3727,sess_58278,Mobile,0.0
3728,sess_69370,Tablet,0.0
3729,sess_42619,Tablet,1.0
3730,sess_97000,Desktop,1.0
3731,sess_43709,Mobile,1.0
3732,sess_49663,Tablet,1.0
3733,sess_99152,Desktop,0.0
3734,sess_98514,Tablet,0.0
3735,sess_47433,Tablet,0.0
3736,sess_31754,Mobile,0.0
3737,sess_22319,Tablet,0.0
3738,sess_36515,Tablet,-0.0
3739,sess_62083,Mobile,0.0
3740,sess_73109,Desktop,0.0
3741,sess_26245,Mobile,0.0
3742,sess_72842,Mobile,0.0
3743,sess_13413,Desktop,
3744,sess_24008,Tablet,0.0
3745,sess_75718,Mobile,0.0
3746,sess_92540,Mobile,0.0
3747,sess_42681,Mobile,0.0
3748,sess_60010,Desktop,0.0
3749,sess_62129,Mobile,1.0
3750,sess_59645,Mobile,0.0
3751,sess_60509,Desktop,0.0
3752,sess_93930,Tablet,0.0
3753,sess_14998,Mobile,
3754,sess_99723,Tablet,11.200726249168966
3755,sess_87730,Desktop,0.0
3756,sess_65447,Tablet,0.0
3757,sess_75792,Desktop,0.0
3758,sess_41431,Desktop,1.0
3759,sess_87432,Tablet,0.0
3760,sess_16503,Tablet,0.0
3761,sess_22479,Mobile,0.0
3762,sess_43569,Desktop,0.0
3763,sess_96899,Tablet,1.0
3764,sess_74735,Mobile,0.0
3765,sess_11373,Desktop,1.0
3766,sess_64034,Mobile,0.0
3767,sess_80131,Mobile,1.0
3768,sess_76996,Desktop,0.0
3769,sess_41646,Mobile,0.0
3770,sess_89407,Tablet,1.0
3771,sess_16065,Mobile,0.0
3772,sess_38652,Mobile,0.0
3773,sess_27520,Desktop,0.0
3774,sess_15399,Tablet,0.0
3775,sess_34860,Tablet,1.0
3776,sess_68903,Tablet,0.0
3777,sess_43412,Tablet,0.0
3778,sess_99575,Mobile,0.0
3779,sess_36074,Tablet,0.0
3780,sess_54190,Tablet,1.0
3781,sess_36664,Desktop,0.0
3782,sess_91555,Tablet,0.0
3783,sess_46750,Desktop,0.0
3784,sess_77330,Tablet,1.0
3785,sess_28091,Mobile,0.0
3786,sess_99401,Tablet,0.0
3787,sess_43287,Desktop,1.0
3788,sess_62215,Tablet,0.0
3789,sess_62536,Mobile,1.0
3790,sess_69375,Desktop,0.0
3791,sess_83701,Mobile,0.0
3792,sess_74914,Tablet,0.0
3793,sess_27004,Tablet,1.0
3794,sess_93985,Desktop,0.0
3795,sess_27007,Mobile,0.0
3796,sess_86089,Mobile,
3797,sess_70365,Desktop,1.0
3798,sess_75155,Tablet,0.0
3799,sess_45644,Tablet,0.0
3800,sess_25628,Mobile,1.0
3801,sess_83243,Desktop,0.0
3802,sess_36619,Mobile,1.0
3803,sess_55557,Tablet,
3804,sess_34557,Tablet,0.0
3805,sess_57285,Mobile,0.0
3806,sess_92073,Tablet,0.0
3807,sess_45437,Tablet,1.0
3808,sess_37558,Desktop,0.0
3809,sess_89355,Desktop,0.0
3810,sess_51494,Desktop,1.0
3811,sess_77500,Tablet,1.0
3812,sess_70722,Desktop,0.0
3813,sess_10570,Mobile,-0.0
3814,sess_85967,Tablet,
3815,sess_88522,Mobile,0.0
3816,sess_81834,Tablet,0.0
3817,sess_22505,Mobile,0.0
3818,sess_13807,Desktop,0.0
3819,sess_89891,Tablet,1.0
3820,sess_26983,Tablet,0.0
3821,sess_90100,Mobile,0.0
3822,sess_71379,Tablet,0.0
3823,sess_24682,Mobile,0.0
3824,sess_26536,Desktop,1.0
3825,sess_78505,Mobile,1.0
3826,sess_95887,Mobile,0.0
3827,sess_10254,Tablet,0.0
3828,sess_90717,Desktop,1.0
3829,sess_46741,Desktop,0.0
3830,sess_55399,Desktop,0.0
3831,sess_56636,Desktop,0.0
3832,sess_20866,Tablet,1.0
3833,sess_75479,Tablet,0.0
3834,sess_33793,Tablet,0.0
3835,sess_42396,Desktop,1.0
3836,sess_57162,Mobile,0.0
3837,sess_39463,Desktop,1.0
3838,sess_73629,Desktop,0.0
3839,sess_12275,Desktop,1.0
3840,sess_90846,Mobile,-1.0
3841,sess_42970,Mobile,0.0
3842,sess_50521,Tablet,0.0
3843,sess_51297,Desktop,0.0
3844,sess_31457,Desktop,0.0
3845,sess_55717,Desktop,1.0
3846,sess_36026,Desktop,1.0
3847,sess_93773,Tablet,0.0
3848,sess_32249,Mobile,1.0
3849,sess_78686,Tablet,0.0
3850,sess_48158,Tablet,0.0
3851,sess_99352,Tablet,0.0
3852,sess_82774,Mobile,0.0
3853,sess_74549,Tablet,0.0
3854,sess_99883,Desktop,0.0
3855,sess_93385,Tablet,0.0
3856,sess_95001,Desktop,0.0
3857,sess_42722,Tablet,0.0
3858,sess_87200,Tablet,0.0
3859,sess_80345,Desktop,0.0
3860,sess_99957,Desktop,1.0
3861,sess_46841,Desktop,1.0
3862,sess_74976,Desktop,1.0
3863,sess_46185,Desktop,0.0
3864,sess_36017,Mobile,1.0
3865,sess_80069,Mobile,0.0
3866,sess_29933,Mobile,
3867,sess_47554,Tablet,0.0
3868,sess_56713,Mobile,0.0
3869,sess_32366,Desktop,
3870,sess_55062,Mobile,0.0
3871,sess_18161,Mobile,0.0
3872,sess_73569,Tablet,0.0
3873,sess_13090,Desktop,0.0
3874,sess_52368,Tablet,0.0
3875,sess_87012,Mobile,0.0
3876,sess_73362,Mobile,1.0
3877,sess_89709,Tablet,1.0
3878,sess_33163,Tablet,1.0
3879,sess_83456,Desktop,0.0
3880,sess_80942,Mobile,1.0
3881,sess_23898,Desktop,0.0
3882,sess_32145,Mobile,0.0
3883,sess_34178,Mobile,0.0
3884,sess_23514,Tablet,0.0
3885,sess_58412,Mobile,1.0
3886,sess_51105,Mobile,1.0
3887,sess_28343,Desktop,1.0
3888,sess_96610,Mobile,0.0
3889,sess_70241,Mobile,0.0
3890,sess_40906,Mobile,0.0
3891,sess_64630,Mobile,0.0
3892,sess_23742,Tablet,0.0
3893,sess_19777,Mobile,1.0
3894,sess_85359,Mobile,-0.0
3895,sess_53099,Tablet,0.0
3896,sess_64655,Mobile,0.0
3897,sess_88458,Tablet,0.0
3898,sess_19825,Desktop,0.0
3899,sess_54403,Mobile,0.0
3900,sess_85162,Tablet,
3901,sess_52844,Desktop,0.0
3902,sess_83783,Mobile,0.0
3903,sess_26199,Desktop,1.0
3904,sess_82190,Mobile,0.0
3905,sess_45456,Tablet,0.0
3906,sess_97339,Tablet,1.0
3907,sess_11550,Tablet,0.0
3908,sess_76355,Tablet,0.0
3909,sess_55987,Tablet,1.0
3910,sess_31213,Mobile,0.0
3911,sess_97837,Tablet,0.0
3912,sess_69258,Mobile,0.0
3913,sess_14214,Mobile,0.0
3914,sess_47941,Mobile,1.0
3915,sess_55787,Mobile,0.0
3916,sess_75795,Mobile,0.0
3917,sess_43603,Mobile,1.0
3918,sess_87359,Tablet,0.0
3919,sess_26811,Tablet,0.0
3920,sess_81001,Tablet,1.0
3921,sess_64241,Mobile,-1.0
3922,sess_39862,Mobile,-1.0
3923,sess_60926,Mobile,0.0
3924,sess_13603,Mobile,0.0
3925,sess_50310,Desktop,0.0
3926,sess_38059,Desktop,0.0
3927,sess_15636,Tablet,0.0
3928,sess_48160,Tablet,1.0
3929,sess_69556,Mobile,0.0
3930,sess_53756,Mobile,0.0
3931,sess_77269,Tablet,0.0
3932,sess_41921,Tablet,0.0
3933,sess_76555,Tablet,0.0
3934,sess_95953,Mobile,0.0
3935,sess_87855,Tablet,0.0
3936,sess_85703,Mobile,0.0
3937,sess_14574,Desktop,0.0
3938,sess_49129,Mobile,0.0
3939,sess_93522,Tablet,1.0
3940,sess_83390,Desktop,0.0
3941,sess_62064,Tablet,0.0
3942,sess_65476,Desktop,0.0
3943,sess_27408,Mobile,0.0
3944,sess_73488,Tablet,0.0
3945,sess_18907,Tablet,1.0
3946,sess_71428,Tablet,0.0
3947,sess_72933,Desktop,0.0
3948,sess_94631,Mobile,0.0
3949,sess_83318,Tablet,0.0
3950,sess_61816,Desktop,0.0
3951,sess_16326,Desktop,0.0
3952,sess_41490,Tablet,0.0
3953,sess_79941,Mobile,0.0
3954,sess_19809,Desktop,0.0
3955,sess_74170,Desktop,
3956,sess_63330,Tablet,1.0
3957,sess_55708,Tablet,0.0
3958,sess_97007,Tablet,0.0
3959,sess_47562,Tablet,0.0
3960,sess_26972,Desktop,0.0
3961,sess_41289,Desktop,0.0
3962,sess_95486,Desktop,0.0
3963,sess_73897,Desktop,0.0
3964,sess_69437,Desktop,0.0
3965,sess_67701,Tablet,0.0
3966,sess_83830,Desktop,1.0
3967,sess_36965,Mobile,0.0
3968,sess_68709,Tablet,0.0
3969,sess_65903,Tablet,1.0
3970,sess_24638,Tablet,0.0
3971,sess_43190,Mobile,0.0
3972,sess_94836,Desktop,0.0
3973,sess_65979,Desktop,0.0
3974,sess_76801,Tablet,0.0
3975,sess_30089,Mobile,0.0
3976,sess_38539,Tablet,0.0
3977,sess_37336,Desktop,0.0
3978,sess_52380,Tablet,0.0
3979,sess_13001,Mobile,1.0
3980,sess_46707,Desktop,1.0
3981,sess_27423,Tablet,0.0
3982,sess_46357,Mobile,0.0
3983,sess_31335,Mobile,1.0
3984,sess_93388,Mobile,0.0
3985,sess_45099,Mobile,0.0
3986,sess_96370,Desktop,0.0
3987,sess_81144,Mobile,
3988,sess_39814,Tablet,0.0
3989,sess_55591,Mobile,0.0
3990,sess_19137,Desktop,0.0
3991,sess_80267,Desktop,0.0
3992,sess_25648,Tablet,0.0
3993,sess_52063,Tablet,0.0
3994,sess_90623,Tablet,0.0
3995,sess_87746,Tablet,0.0
3996,sess_50876,Mobile,0.0
3997,sess_43890,Mobile,1.0
3998,sess_46551,Mobile,0.0
3999,sess_85914,Tablet,0.0
4000,sess_54213,Tablet,0.0
4001,sess_34434,Tablet,0.0
4002,sess_88868,Mobile,0.0
4003,sess_40229,Mobile,0.0
4004,sess_49997,Tablet,0.0
4005,sess_88819,Tablet,0.0
4006,sess_74449,Mobile,0.0
4007,sess_63662,Tablet,0.0
4008,sess_57214,Mobile,1.0
4009,sess_76598,Mobile,0.0
4010,sess_51327,Tablet,-0.0
4011,sess_15376,Tablet,0.0
4012,sess_18758,Tablet,0.0
4013,sess_46175,Desktop,0.0
4014,sess_19878,Desktop,0.0
4015,sess_36547,Tablet,0.0
4016,sess_43578,Desktop,0.0
4017,sess_12028,Mobile,0.0
4018,sess_17546,Mobile,
4019,sess_94334,Mobile,0.0
4020,sess_93753,Mobile,0.0
4021,sess_67137,Mobile,0.0
4022,sess_24864,Mobile,0.0
4023,sess_81789,Mobile,0.0
4024,sess_32414,Mobile,0.0
4025,sess_63991,Desktop,
4026,sess_65700,Desktop,0.0
4027,sess_56874,Tablet,-0.0
4028,sess_96890,Mobile,0.0
4029,sess_63699,Mobile,1.0
4030,sess_81953,Mobile,0.0
4031,sess_15129,Desktop,0.0
4032,sess_69216,Tablet,0.0
4033,sess_58239,Desktop,0.0
4034,sess_23993,Mobile,1.0
4035,sess_17503,Desktop,0.0
4036,sess_66527,Desktop,1.0
4037,sess_32492,Desktop,0.0
4038,sess_77756,Desktop,0.0
4039,sess_53592,Mobile,0.0
4040,sess_70370,Mobile,0.0
4041,sess_47675,Desktop,1.0
4042,sess_69741,Mobile,0.0
4043,sess_57995,Desktop,0.0
4044,sess_90624,Tablet,0.0
4045,sess_52105,Tablet,1.0
4046,sess_92689,Mobile,-0.0
4047,sess_16600,Mobile,0.0
4048,sess_45949,Mobile,0.0
4049,sess_37497,Desktop,0.0
4050,sess_30251,Tablet,1.0
4051,sess_55547,Tablet,0.0
4052,sess_26854,Mobile,0.0
4053,sess_65905,Tablet,-0.0
4054,sess_17816,Mobile,0.0
4055,sess_26708,Mobile,1.0
4056,sess_35467,Tablet,1.0
4057,sess_35750,Tablet,1.0
4058,sess_51348,Desktop,0.0
4059,sess_28416,Mobile,0.0
4060,sess_39049,Desktop,1.0
4061,sess_65206,Desktop,1.0
4062,sess_32383,Tablet,1.0
4063,sess_35878,Tablet,1.0
4064,sess_95527,Tablet,0.0
4065,sess_16444,Desktop,0.0
4066,sess_59882,Tablet,0.0
4067,sess_73294,Tablet,0.0
4068,sess_58690,Mobile,1.0
4069,sess_39005,Tablet,0.0
4070,sess_56889,Mobile,0.0
4071,sess_92553,Desktop,0.0
4072,sess_43441,Mobile,-0.0
4073,sess_59254,Tablet,0.0
4074,sess_32836,Mobile,0.0
4075,sess_11595,Tablet,0.0
4076,sess_37331,Desktop,0.0
4077,sess_41217,Mobile,0.0
4078,sess_26284,Tablet,0.0
4079,sess_99251,Tablet,0.0
4080,sess_87451,Mobile,0.0
4081,sess_11328,Mobile,1.0
4082,sess_22530,Desktop,0.0
4083,sess_61091,Tablet,0.0
4084,sess_62294,Tablet,1.0
4085,sess_66434,Mobile,0.0
4086,sess_87577,Mobile,0.0
4087,sess_59171,Desktop,1.0
4088,sess_85280,Mobile,-0.0
4089,sess_58742,Mobile,0.0
4090,sess_68127,Desktop,0.0
4091,sess_97536,Mobile,0.0
4092,sess_63474,Tablet,1.0
4093,sess_44057,Tablet,0.0
4094,sess_85296,Desktop,0.0
4095,sess_74416,Desktop,1.0
4096,sess_85997,Desktop,0.0
4097,sess_21646,Mobile,0.0
4098,sess_94999,Mobile,0.0
4099,sess_12166,Tablet,0.0
4100,sess_30065,Desktop,1.0
4101,sess_56211,Desktop,0.0
4102,sess_26215,Desktop,0.0
4103,sess_96879,Tablet,1.0
4104,sess_10042,Desktop,0.0
4105,sess_58582,Tablet,0.0
4106,sess_59534,Desktop,0.0
4107,sess_40325,Tablet,0.0
4108,sess_27412,Tablet,1.0
4109,sess_56417,Mobile,0.0
4110,sess_47453,Tablet,0.0
4111,sess_96862,Desktop,0.0
4112,sess_30208,Desktop,0.0
4113,sess_86758,Tablet,1.0
4114,sess_42167,Tablet,0.0
4115,sess_34329,Mobile,0.0
4116,sess_54498,Tablet,0.0
4117,sess_86526,Mobile,0.0
4118,sess_46282,Desktop,1.0
4119,sess_57982,Mobile,0.0
4120,sess_56536,Tablet,0.0
4121,sess_20006,Desktop,0.0
4122,sess_35425,Tablet,0.0
4123,sess_20587,Tablet,0.0
4124,sess_10857,Desktop,0.0
4125,sess_99291,Mobile,0.0
4126,sess_80642,Mobile,
4127,sess_47599,Mobile,0.0
4128,sess_58372,Mobile,0.0
4129,sess_73934,Mobile,0.0
4130,sess_37508,Mobile,1.0
4131,sess_27936,Desktop,1.0
4132,sess_85652,Tablet,0.0
4133,sess_64237,Desktop,1.0
4134,sess_26402,Tablet,0.0
4135,sess_51968,Desktop,1.0
4136,sess_20087,Tablet,0.0
4137,sess_97531,Tablet,0.0
4138,sess_15361,Desktop,0.0
4139,sess_96263,Mobile,1.0
4140,sess_82741,Tablet,1.0
4141,sess_93616,Desktop,0.0
4142,sess_66905,Tablet,1.0
4143,sess_59431,Mobile,0.0
4144,sess_25333,Tablet,0.0
4145,sess_26562,Mobile,0.0
4146,sess_19744,Tablet,0.0
4147,sess_27162,Mobile,0.0
4148,sess_93924,Tablet,0.0
4149,sess_94568,Mobile,0.0
4150,sess_95649,Tablet,1.0
4151,sess_16579,Desktop,0.0
4152,sess_84350,Tablet,0.0
4153,sess_62207,Mobile,1.0
4154,sess_70888,Mobile,1.0
4155,sess_64781,Tablet,1.0
4156,sess_38168,Tablet,0.0
4157,sess_30116,Tablet,0.0
4158,sess_38207,Mobile,0.0
4159,sess_12580,Desktop,0.0
4160,sess_45535,Desktop,0.0
4161,sess_85802,Desktop,1.0
4162,sess_84845,Mobile,0.0
4163,sess_48830,Mobile,0.0
4164,sess_15938,Desktop,0.0
4165,sess_95001,Desktop,1.0
4166,sess_81211,Mobile,0.0
4167,sess_84242,Mobile,0.0
4168,sess_69718,Mobile,0.0
4169,sess_90982,Mobile,1.0
4170,sess_74779,Mobile,0.0
4171,sess_69070,Mobile,0.0
4172,sess_44902,Desktop,0.0
4173,sess_70269,Mobile,0.0
4174,sess_99892,Tablet,1.0
4175,sess_74284,Mobile,0.0
4176,sess_98500,Mobile,0.0
4177,sess_11378,Desktop,0.0
4178,sess_91288,Desktop,1.0
4179,sess_64315,Mobile,1.0
4180,sess_24954,Mobile,0.0
4181,sess_39658,Tablet,0.0
4182,sess_25730,Desktop,1.0
4183,sess_63358,Desktop,0.0
4184,sess_76273,Mobile,1.0
4185,sess_19359,Mobile,0.0
4186,sess_81777,Tablet,0.0
4187,sess_97033,Tablet,1.0
4188,sess_42288,Tablet,0.0
4189,sess_30825,Tablet,0.0
4190,sess_67053,Tablet,0.0
4191,sess_60878,Mobile,0.0
4192,sess_84094,Mobile,0.0
4193,sess_91374,Desktop,1.0
4194,sess_56279,Desktop,0.0
4195,sess_94647,Desktop,0.0
4196,sess_55748,Mobile,0.0
4197,sess_60647,Desktop,1.0
4198,sess_91966,Desktop,0.0
4199,sess_50107,Tablet,0.0
4200,sess_88222,Tablet,0.0
4201,sess_92383,Desktop,0.0
4202,sess_85114,Tablet,0.0
4203,sess_68650,Desktop,1.0
4204,sess_14352,Tablet,0.0
4205,sess_27452,Mobile,0.0
4206,sess_34729,Mobile,0.0
4207,sess_98722,Mobile,0.0
4208,sess_80787,Desktop,1.0
4209,sess_66486,Desktop,0.0
4210,sess_55776,Desktop,1.0
4211,sess_41637,Tablet,0.0
4212,sess_70786,Desktop,1.0
4213,sess_27296,Desktop,1.0
4214,sess_97415,Mobile,0.0
4215,sess_28960,Desktop,0.0
4216,sess_18505,Tablet,0.0
4217,sess_82816,Mobile,0.0
4218,sess_48104,Mobile,0.0
4219,sess_52178,Tablet,0.0
4220,sess_81100,Desktop,0.0
4221,sess_59446,Mobile,0.0
4222,sess_35723,Mobile,0.0
4223,sess_84134,Desktop,0.0
4224,sess_47100,Tablet,1.0
4225,sess_51109,Desktop,0.0
4226,sess_48480,Tablet,0.0
4227,sess_34511,Desktop,0.0
4228,sess_84599,Mobile,
4229,sess_78995,Desktop,0.0
4230,sess_99283,Desktop,0.0
4231,sess_59228,Mobile,1.0
4232,sess_55944,Mobile,0.0
4233,sess_78218,Tablet,0.0
4234,sess_62332,Tablet,0.0
4235,sess_65891,Desktop,0.0
4236,sess_69474,Desktop,1.0
4237,sess_59750,Mobile,1.0
4238,sess_76113,Mobile,0.0
4239,sess_68458,Desktop,0.0
4240,sess_91808,Desktop,1.0
4241,sess_73857,Desktop,0.0
4242,sess_48856,Tablet,1.0
4243,sess_84368,Desktop,0.0
4244,sess_63217,Mobile,0.0
4245,sess_53842,Desktop,0.0
4246,sess_57701,Mobile,0.0
4247,sess_69931,Mobile,1.0
4248,sess_66907,Tablet,0.0
4249,sess_97100,Mobile,0.0
4250,sess_56988,Tablet,1.0
4251,sess_53578,Desktop,0.0
4252,sess_78978,Mobile,1.0
4253,sess_23946,Desktop,0.0
4254,sess_53086,Desktop,1.0
4255,sess_20031,Mobile,0.0
4256,sess_85698,Desktop,
4257,sess_66814,Mobile,0.0
4258,sess_26217,Mobile,1.0
4259,sess_37901,Desktop,0.0
4260,sess_30524,Mobile,1.0
4261,sess_49461,Tablet,0.0
4262,sess_93556,Tablet,0.0
4263,sess_41363,Desktop,0.0
4264,sess_82356,Mobile,0.0
4265,sess_58682,Desktop,1.0
4266,sess_41948,Desktop,1.0
4267,sess_56597,Mobile,0.0
4268,sess_15083,Desktop,1.0
4269,sess_14658,Mobile,1.0
4270,sess_98564,Mobile,0.0
4271,sess_51972,Desktop,0.0
4272,sess_47470,Tablet,-0.0
4273,sess_46130,Tablet,0.0
4274,sess_87969,Tablet,0.0
4275,sess_61760,Mobile,1.0
4276,sess_93249,Desktop,0.0
4277,sess_39328,Mobile,
4278,sess_47984,Desktop,0.0
4279,sess_25851,Mobile,0.0
4280,sess_74028,Desktop,0.0
4281,sess_46906,Tablet,1.0
4282,sess_66070,Tablet,0.0
4283,sess_15874,Tablet,0.0
4284,sess_88927,Tablet,0.0
4285,sess_67346,Desktop,1.0
4286,sess_61979,Desktop,0.0
4287,sess_61354,Tablet,1.0
4288,sess_35269,Desktop,0.0
4289,sess_15921,Mobile,1.0
4290,sess_33485,Desktop,1.0
4291,sess_55280,Desktop,0.0
4292,sess_15031,Mobile,1.0
4293,sess_35173,Tablet,0.0
4294,sess_56540,Mobile,0.0
4295,sess_80217,Tablet,
4296,sess_61569,Mobile,0.0
4297,sess_93249,Tablet,0.0
4298,sess_64404,Mobile,0.0
4299,sess_26174,Desktop,0.0
4300,sess_85554,Mobile,0.0
4301,sess_43259,Mobile,
4302,sess_20290,Tablet,
4303,sess_17158,Tablet,0.0
4304,sess_98067,Desktop,0.0
4305,sess_20609,Mobile,0.0
4306,sess_49244,Desktop,0.0
4307,sess_71802,Tablet,0.0
4308,sess_82969,Mobile,1.0
4309,sess_38245,Desktop,0.0
4310,sess_29651,Desktop,0.0
4311,sess_33331,Tablet,1.0
4312,sess_80152,Mobile,1.0
4313,sess_79059,Tablet,0.0
4314,sess_25493,Tablet,0.0
4315,sess_22497,Mobile,0.0
4316,sess_76853,Mobile,0.0
4317,sess_26790,Tablet,1.0
4318,sess_65676,Tablet,0.0
4319,sess_41020,Mobile,0.0
4320,sess_45800,Desktop,0.0
4321,sess_36039,Desktop,0.0
4322,sess_66885,Mobile,0.0
4323,sess_35490,Mobile,0.0
4324,sess_91354,Mobile,0.0
4325,sess_41727,Desktop,0.0
4326,sess_64100,Mobile,0.0
4327,sess_52513,Tablet,0.0
4328,sess_80218,Mobile,0.0
4329,sess_87180,Mobile,0.0
4330,sess_78718,Tablet,-0.0
4331,sess_16165,Mobile,0.0
4332,sess_43547,Tablet,0.0
4333,sess_40031,Desktop,1.0
4334,sess_67648,Desktop,0.0
4335,sess_39493,Mobile,0.0
4336,sess_59455,Desktop,1.0
4337,sess_67967,Mobile,0.0
4338,sess_85985,Mobile,0.0
4339,sess_21533,Tablet,1.0
4340,sess_77810,Tablet,0.0
4341,sess_23930,Mobile,0.0
4342,sess_23244,Desktop,-1.0
4343,sess_14527,Mobile,1.0
4344,sess_13776,Desktop,0.0
4345,sess_25412,Tablet,0.0
4346,sess_53920,Desktop,0.0
4347,sess_94562,Mobile,0.0
4348,sess_76742,Desktop,0.0
4349,sess_45261,Desktop,-0.0
4350,sess_77818,Mobile,0.0
4351,sess_78182,Tablet,1.0
4352,sess_49883,Mobile,0.0
4353,sess_73946,Tablet,0.0
4354,sess_70051,Desktop,1.0
4355,sess_86792,Tablet,0.0
4356,sess_63973,Desktop,1.0
4357,sess_34396,Tablet,0.0
4358,sess_88741,Mobile,0.0
4359,sess_61995,Desktop,1.0
4360,sess_85527,Mobile,-0.0
4361,sess_12345,Mobile,0.0
4362,sess_60336,Tablet,0.0
4363,sess_81991,Mobile,0.0
4364,sess_54320,Tablet,0.0
4365,sess_79097,Tablet,1.0
4366,sess_70150,Desktop,1.0
4367,sess_94418,Mobile,0.0
4368,sess_82667,Mobile,0.0
4369,sess_62058,Mobile,0.0
4370,sess_20104,Mobile,0.0
4371,sess_79788,Tablet,0.0
4372,sess_98421,Tablet,0.0
4373,sess_99269,Mobile,0.0
4374,sess_21068,Tablet,0.0
4375,sess_54961,Tablet,0.0
4376,sess_48318,Mobile,1.0
4377,sess_59928,Tablet,1.0
4378,sess_40016,Mobile,0.0
4379,sess_28672,Desktop,0.0
4380,sess_88989,Tablet,1.0
4381,sess_36599,Desktop,0.0
4382,sess_32538,Desktop,0.0
4383,sess_54603,Desktop,0.0
4384,sess_77985,Tablet,0.0
4385,sess_97751,Mobile,0.0
4386,sess_78790,Mobile,0.0
4387,sess_44305,Desktop,0.0
4388,sess_72143,Desktop,1.0
4389,sess_61744,Desktop,0.0
4390,sess_14247,Desktop,0.0
4391,sess_74034,Tablet,0.0
4392,sess_84683,Tablet,1.0
4393,sess_92722,Desktop,1.0
4394,sess_91600,Tablet,0.0
4395,sess_80478,Desktop,1.0
4396,sess_96861,Mobile,1.0
4397,sess_93884,Desktop,0.0
4398,sess_97079,Tablet,1.0
4399,sess_36688,Mobile,1.0
4400,sess_68325,Tablet,0.0
4401,sess_48825,Tablet,1.0
4402,sess_58497,Tablet,0.0
4403,sess_84148,Mobile,1.0
4404,sess_71622,Desktop,0.0
4405,sess_99522,Mobile,0.0
4406,sess_48886,Mobile,1.0
4407,sess_60317,Tablet,1.0
4408,sess_76307,Mobile,0.0
4409,sess_41830,Mobile,0.0
4410,sess_42224,Tablet,0.0
4411,sess_41368,Desktop,1.0
4412,sess_60204,Mobile,0.0
4413,sess_80525,Tablet,1.0
4414,sess_98400,Desktop,1.0
4415,sess_30631,Desktop,0.0
4416,sess_76006,Desktop,0.0
4417,sess_55568,Desktop,0.0
4418,sess_11162,Mobile,0.0
4419,sess_21238,Mobile,0.0
4420,sess_12732,Tablet,0.0
4421,sess_17531,Mobile,1.0
4422,sess_52752,Mobile,0.0
4423,sess_33756,Mobile,0.0
4424,sess_46322,Desktop,1.0
4425,sess_71762,Mobile,0.0
4426,sess_47698,Tablet,0.0
4427,sess_19646,Mobile,0.0
4428,sess_44748,Desktop,0.0
4429,sess_24783,Tablet,0.0
4430,sess_79443,Desktop,0.0
4431,sess_83907,Mobile,0.0
4432,sess_19781,Tablet,1.0
4433,sess_21184,Desktop,1.0
4434,sess_72169,Desktop,0.0
4435,sess_81324,Desktop,1.0
4436,sess_99110,Mobile,1.0
4437,sess_32935,Mobile,0.0
4438,sess_37322,Tablet,-0.0
4439,sess_82857,Desktop,0.0
4440,sess_48200,Desktop,0.0
4441,sess_16621,Tablet,0.0
4442,sess_65100,Desktop,0.0
4443,sess_30903,Mobile,0.0
4444,sess_22180,Mobile,0.0
4445,sess_99681,Tablet,1.0
4446,sess_88784,Desktop,1.0
4447,sess_38530,Mobile,0.0
4448,sess_38912,Mobile,0.0
4449,sess_53517,Desktop,1.0
4450,sess_85149,Tablet,1.0
4451,sess_67292,Mobile,1.0
4452,sess_25993,Mobile,0.0
4453,sess_74076,Desktop,0.0
4454,sess_19251,Tablet,1.0
4455,sess_56408,Mobile,1.0
4456,sess_34951,Desktop,1.0
4457,sess_63615,Mobile,1.0
4458,sess_37017,Mobile,0.0
4459,sess_94884,Mobile,0.0
4460,sess_88257,Mobile,0.0
4461,sess_77123,Tablet,0.0
4462,sess_45637,Tablet,0.0
4463,sess_84007,Desktop,1.0
4464,sess_30414,Mobile,0.0
4465,sess_57229,Tablet,0.0
4466,sess_28557,Tablet,1.0
4467,sess_30348,Desktop,0.0
4468,sess_24296,Desktop,1.0
4469,sess_11128,Desktop,0.0
4470,sess_49201,Tablet,0.0
4471,sess_12562,Mobile,0.0
4472,sess_69316,Desktop,0.0
4473,sess_79716,Tablet,0.0
4474,sess_92671,Desktop,0.0
4475,sess_44521,Mobile,0.0
4476,sess_36674,Desktop,0.0
4477,sess_32095,Tablet,1.0
4478,sess_12451,Tablet,0.0
4479,sess_97769,Desktop,0.0
4480,sess_62847,Desktop,1.0
4481,sess_69632,Mobile,0.0
4482,sess_15230,Desktop,0.0
4483,sess_14144,Desktop,0.0
4484,sess_48047,Mobile,
4485,sess_17775,Mobile,0.0
4486,sess_12368,Mobile,0.0
4487,sess_57837,Mobile,0.0
4488,sess_26889,Tablet,0.0
4489,sess_96028,Desktop,0.0
4490,sess_85269,Tablet,1.0
4491,sess_67661,Desktop,0.0
4492,sess_14377,Tablet,1.0
4493,sess_95692,Tablet,0.0
4494,sess_72031,Desktop,0.0
4495,sess_67845,Tablet,0.0
4496,sess_79087,Mobile,0.0
4497,sess_58288,Tablet,11.200726249168966
4498,sess_83284,Tablet,1.0
4499,sess_69484,Desktop,0.0
4500,sess_51519,Tablet,0.0
4501,sess_35491,Tablet,1.0
4502,sess_39737,Tablet,1.0
4503,sess_45197,Tablet,0.0
4504,sess_60828,Tablet,0.0
4505,sess_99656,Desktop,0.0
4506,sess_69843,Mobile,1.0
4507,sess_98077,Mobile,1.0
4508,sess_73963,Desktop,
4509,sess_14359,Tablet,1.0
4510,sess_50192,Tablet,1.0
4511,sess_68636,Desktop,0.0
4512,sess_83906,Mobile,0.0
4513,sess_76148,Tablet,0.0
4514,sess_10933,Desktop,0.0
4515,sess_90667,Tablet,0.0
4516,sess_97297,Mobile,0.0
4517,sess_78908,Tablet,1.0
4518,sess_38721,Mobile,0.0
4519,sess_96915,Tablet,
4520,sess_64556,Desktop,0.0
4521,sess_82333,Mobile,0.0
4522,sess_97601,Tablet,0.0
4523,sess_83758,Mobile,1.0
4524,sess_27534,Desktop,1.0
4525,sess_11466,Tablet,0.0
4526,sess_96282,Desktop,0.0
4527,sess_99825,Mobile,0.0
4528,sess_89076,Tablet,0.0
4529,sess_67603,Desktop,0.0
4530,sess_42502,Mobile,0.0
4531,sess_12513,Tablet,0.0
4532,sess_48976,Desktop,0.0
4533,sess_71745,Mobile,0.0
4534,sess_60495,Tablet,1.0
4535,sess_43589,Desktop,0.0
4536,sess_70075,Tablet,0.0
4537,sess_48451,Tablet,
4538,sess_58855,Desktop,
4539,sess_80601,Tablet,0.0
4540,sess_11232,Desktop,0.0
4541,sess_93914,Tablet,1.0
4542,sess_36496,Mobile,0.0
4543,sess_41976,Desktop,0.0
4544,sess_51416,Desktop,0.0
4545,sess_56728,Mobile,0.0
4546,sess_68078,Desktop,0.0
4547,sess_39920,Tablet,1.0
4548,sess_69850,Desktop,0.0
4549,sess_38277,Tablet,0.0
4550,sess_34177,Tablet,0.0
4551,sess_69323,Desktop,0.0
4552,sess_44326,Desktop,0.0
4553,sess_69271,Desktop,1.0
4554,sess_45915,Mobile,0.0
4555,sess_67069,Desktop,1.0
4556,sess_25849,Desktop,1.0
4557,sess_33587,Tablet,1.0
4558,sess_15145,Desktop,0.0
4559,sess_16764,Mobile,0.0
4560,sess_37417,Tablet,0.0
4561,sess_31034,Tablet,0.0
4562,sess_17466,Desktop,0.0
4563,sess_88875,Tablet,0.0
4564,sess_42857,Tablet,0.0
4565,sess_50386,Desktop,0.0
4566,sess_63863,Desktop,0.0
4567,sess_70921,Mobile,0.0
4568,sess_79575,Mobile,0.0
4569,sess_90191,Desktop,1.0
4570,sess_55645,Tablet,0.0
4571,sess_17381,Mobile,1.0
4572,sess_16239,Mobile,0.0
4573,sess_32748,Desktop,1.0
4574,sess_79470,Tablet,0.0
4575,sess_77529,Mobile,1.0
4576,sess_14844,Desktop,0.0
4577,sess_38083,Desktop,1.0
4578,sess_35268,Tablet,0.0
4579,sess_43528,Desktop,1.0
4580,sess_52805,Desktop,0.0
4581,sess_48754,Desktop,0.0
4582,sess_91372,Mobile,0.0
4583,sess_24677,Tablet,0.0
4584,sess_66864,Desktop,0.0
4585,sess_47750,Desktop,0.0
4586,sess_30667,Tablet,1.0
4587,sess_52153,Mobile,0.0
4588,sess_66098,Tablet,0.0
4589,sess_96946,Mobile,1.0
4590,sess_71346,Desktop,0.0
4591,sess_34653,Tablet,1.0
4592,sess_66650,Mobile,0.0
4593,sess_10811,Tablet,-0.0
4594,sess_20853,Desktop,0.0
4595,sess_34852,Mobile,1.0
4596,sess_59004,Desktop,1.0
4597,sess_77966,Tablet,0.0
4598,sess_40610,Desktop,0.0
4599,sess_60830,Tablet,1.0
4600,sess_38105,Tablet,0.0
4601,sess_17226,Desktop,
4602,sess_63643,Mobile,0.0
4603,sess_96036,Tablet,1.0
4604,sess_12017,Tablet,0.0
4605,sess_44168,Mobile,0.0
4606,sess_19316,Mobile,
4607,sess_57512,Mobile,0.0
4608,sess_17077,Desktop,0.0
4609,sess_16407,Mobile,0.0
4610,sess_29149,Tablet,0.0
4611,sess_48988,Tablet,0.0
4612,sess_19996,Desktop,0.0
4613,sess_41074,Desktop,0.0
4614,sess_58468,Tablet,0.0
4615,sess_14037,Tablet,0.0
4616,sess_54403,Tablet,0.0
4617,sess_61940,Desktop,0.0
4618,sess_99264,Tablet,0.0
4619,sess_90297,Tablet,1.0
4620,sess_26092,Desktop,0.0
4621,sess_20123,Tablet,1.0
4622,sess_87051,Tablet,1.0
4623,sess_22251,Mobile,0.0
4624,sess_41570,Tablet,0.0
4625,sess_60575,Mobile,0.0
4626,sess_10600,Desktop,0.0
4627,sess_76464,Desktop,0.0
4628,sess_18958,Mobile,0.0
4629,sess_96143,Tablet,1.0
4630,sess_30256,Mobile,0.0
4631,sess_60284,Desktop,0.0
4632,sess_29378,Tablet,0.0
4633,sess_72254,Tablet,0.0
4634,sess_38997,Desktop,0.0
4635,sess_92713,Mobile,0.0
4636,sess_99429,Mobile,0.0
4637,sess_12633,Desktop,0.0
4638,sess_21543,Tablet,0.0
4639,sess_62464,Desktop,1.0
4640,sess_64099,Tablet,0.0
4641,sess_97299,Mobile,11.200726249168966
4642,sess_71007,Mobile,1.0
4643,sess_42651,Mobile,0.0
4644,sess_77780,Mobile,0.0
4645,sess_96308,Desktop,1.0
4646,sess_31222,Mobile,0.0
4647,sess_26795,Desktop,0.0
4648,sess_58043,Desktop,1.0
4649,sess_91932,Desktop,1.0
4650,sess_37242,Tablet,0.0
4651,sess_13948,Mobile,1.0
4652,sess_58561,Tablet,1.0
4653,sess_57111,Tablet,0.0
4654,sess_52185,Desktop,0.0
4655,sess_29037,Mobile,0.0
4656,sess_82756,Desktop,0.0
4657,sess_49598,Mobile,0.0
4658,sess_16556,Tablet,0.0
4659,sess_53614,Tablet,0.0
4660,sess_92860,Desktop,0.0
4661,sess_81857,Mobile,1.0
4662,sess_47332,Desktop,0.0
4663,sess_16891,Desktop,0.0
4664,sess_47287,Tablet,0.0
4665,sess_74798,Desktop,0.0
4666,sess_34740,Desktop,0.0
4667,sess_72243,Mobile,0.0
4668,sess_42147,Mobile,1.0
4669,sess_19867,Mobile,0.0
4670,sess_70509,Desktop,0.0
4671,sess_94970,Mobile,0.0
4672,sess_67203,Desktop,1.0
4673,sess_12907,Mobile,0.0
4674,sess_42203,Mobile,0.0
4675,sess_93092,Mobile,0.0
4676,sess_66670,Desktop,0.0
4677,sess_49499,Tablet,0.0
4678,sess_78413,Tablet,0.0
4679,sess_24579,Desktop,0.0
4680,sess_25816,Desktop,1.0
4681,sess_24257,Tablet,1.0
4682,sess_81564,Desktop,0.0
4683,sess_11641,Mobile,
4684,sess_41421,Tablet,0.0
4685,sess_15118,Desktop,0.0
4686,sess_54793,Desktop,0.0
4687,sess_77919,Tablet,0.0
4688,sess_12498,Desktop,0.0
4689,sess_30019,Tablet,1.0
4690,sess_38615,Desktop,0.0
4691,sess_87354,Desktop,1.0
4692,sess_92470,Tablet,0.0
4693,sess_92636,Tablet,1.0
4694,sess_33193,Mobile,1.0
4695,sess_37393,Desktop,0.0
4696,sess_57399,Desktop,-0.0
4697,sess_60121,Tablet,1.0
4698,sess_12164,Mobile,0.0
4699,sess_35467,Tablet,1.0
4700,sess_51764,Desktop,0.0
4701,sess_64012,Tablet,0.0
4702,sess_75803,Desktop,0.0
4703,sess_30799,Desktop,0.0
4704,sess_58196,Tablet,1.0
4705,sess_53814,Desktop,0.0
4706,sess_85011,Desktop,0.0
4707,sess_25836,Mobile,-0.0
4708,sess_77315,Mobile,1.0
4709,sess_84026,Desktop,0.0
4710,sess_81354,Desktop,0.0
4711,sess_54674,Desktop,1.0
4712,sess_39123,Mobile,0.0
4713,sess_88157,Desktop,0.0
4714,sess_91751,Mobile,0.0
4715,sess_33958,Mobile,0.0
4716,sess_40051,Desktop,0.0
4717,sess_38545,Mobile,0.0
4718,sess_70800,Desktop,1.0
4719,sess_72923,Tablet,1.0
4720,sess_24668,Tablet,0.0
4721,sess_63206,Tablet,1.0
4722,sess_43891,Tablet,0.0
4723,sess_36785,Desktop,
4724,sess_97590,Tablet,0.0
4725,sess_71252,Desktop,0.0
4726,sess_53447,Desktop,0.0
4727,sess_19846,Desktop,0.0
4728,sess_39419,Desktop,1.0
4729,sess_71234,Desktop,0.0
4730,sess_26523,Mobile,0.0
4731,sess_20380,Tablet,0.0
4732,sess_14972,Mobile,0.0
4733,sess_23326,Mobile,0.0
4734,sess_42076,Tablet,0.0
4735,sess_91378,Desktop,0.0
4736,sess_52238,Desktop,1.0
4737,sess_42735,Tablet,0.0
4738,sess_95244,Tablet,0.0
4739,sess_79341,Tablet,0.0
4740,sess_98667,Mobile,0.0
4741,sess_98663,Mobile,0.0
4742,sess_46011,Tablet,0.0
4743,sess_76378,Tablet,
4744,sess_59488,Tablet,0.0
4745,sess_49196,Tablet,1.0
4746,sess_32499,Mobile,0.0
4747,sess_12977,Tablet,0.0
4748,sess_32257,Tablet,0.0
4749,sess_91743,Tablet,1.0
4750,sess_13723,Tablet,0.0
4751,sess_80828,Desktop,1.0
4752,sess_44312,Desktop,0.0
4753,sess_33331,Tablet,1.0
4754,sess_89634,Mobile,1.0
4755,sess_18402,Desktop,0.0
4756,sess_37612,Mobile,0.0
4757,sess_43581,Desktop,0.0
4758,sess_99442,Desktop,0.0
4759,sess_78535,Tablet,0.0
4760,sess_29572,Tablet,1.0
4761,sess_57529,Tablet,1.0
4762,sess_12570,Mobile,1.0
4763,sess_48600,Mobile,1.0
4764,sess_14159,Mobile,0.0
4765,sess_67114,Tablet,
4766,sess_57175,Desktop,0.0
4767,sess_77565,Desktop,0.0
4768,sess_42781,Desktop,0.0
4769,sess_50109,Tablet,11.200726249168966
4770,sess_41625,Desktop,0.0
4771,sess_62894,Desktop,1.0
4772,sess_12968,Mobile,0.0
4773,sess_15507,Mobile,1.0
4774,sess_82037,Tablet,0.0
4775,sess_28723,Desktop,0.0
4776,sess_40894,Tablet,0.0
4777,sess_97248,Mobile,0.0
4778,sess_73245,Desktop,0.0
4779,sess_42723,Desktop,0.0
4780,sess_35762,Mobile,1.0
4781,sess_38982,Desktop,1.0
4782,sess_25484,Tablet,1.0
4783,sess_12816,Desktop,
4784,sess_17958,Mobile,0.0
4785,sess_32839,Mobile,0.0
4786,sess_57432,Tablet,0.0
4787,sess_75442,Tablet,0.0
4788,sess_75950,Mobile,0.0
4789,sess_21386,Tablet,-0.0
4790,sess_73545,Mobile,0.0
4791,sess_50219,Tablet,0.0
4792,sess_29111,Mobile,0.0
4793,sess_47934,Tablet,0.0
4794,sess_86634,Tablet,0.0
4795,sess_65992,Tablet,
4796,sess_37735,Tablet,0.0
4797,sess_33132,Desktop,0.0
4798,sess_35381,Mobile,0.0
4799,sess_36316,Mobile,1.0
4800,sess_60442,Desktop,0.0
4801,sess_35073,Tablet,0.0
4802,sess_49076,Tablet,0.0
4803,sess_87099,Mobile,0.0
4804,sess_54582,Mobile,0.0
4805,sess_28196,Mobile,0.0
4806,sess_31237,Desktop,0.0
4807,sess_36801,Mobile,0.0
4808,sess_45314,Desktop,0.0
4809,sess_90780,Desktop,0.0
4810,sess_89260,Mobile,0.0
4811,sess_39229,Mobile,0.0
4812,sess_63154,Mobile,0.0
4813,sess_72046,Tablet,0.0
4814,sess_92681,Tablet,0.0
4815,sess_33799,Tablet,0.0
4816,sess_81951,Mobile,0.0
4817,sess_93039,Desktop,1.0
4818,sess_95344,Desktop,0.0
4819,sess_57092,Tablet,0.0
4820,sess_79295,Desktop,0.0
4821,sess_60044,Tablet,1.0
4822,sess_86802,Desktop,0.0
4823,sess_96147,Mobile,0.0
4824,sess_57644,Mobile,0.0
4825,sess_71462,Desktop,0.0
4826,sess_92298,Tablet,0.0
4827,sess_31701,Mobile,
4828,sess_55473,Desktop,0.0
4829,sess_32546,Tablet,1.0
4830,sess_93914,Desktop,0.0
4831,sess_91210,Tablet,0.0
4832,sess_92953,Desktop,1.0
4833,sess_48758,Desktop,0.0
4834,sess_32852,Mobile,0.0
4835,sess_60151,Tablet,0.0
4836,sess_60887,Mobile,1.0
4837,sess_91664,Mobile,0.0
4838,sess_29952,Mobile,0.0
4839,sess_45430,Desktop,0.0
4840,sess_78216,Desktop,0.0
4841,sess_22107,Mobile,1.0
4842,sess_78577,Tablet,0.0
4843,sess_29916,Desktop,1.0
4844,sess_26130,Mobile,1.0
4845,sess_20491,Desktop,0.0
4846,sess_10142,Mobile,1.0
4847,sess_95958,Desktop,1.0
4848,sess_38160,Mobile,0.0
4849,sess_23330,Tablet,0.0
4850,sess_92206,Tablet,-0.0
4851,sess_56166,Tablet,0.0
4852,sess_89813,Tablet,0.0
4853,sess_92680,Tablet,0.0
4854,sess_67749,Mobile,0.0
4855,sess_10082,Desktop,1.0
4856,sess_76555,Mobile,0.0
4857,sess_80313,Tablet,0.0
4858,sess_33881,Mobile,
4859,sess_15250,Mobile,1.0
4860,sess_39302,Mobile,0.0
4861,sess_71902,Mobile,1.0
4862,sess_79118,Tablet,0.0
4863,sess_31882,Mobile,0.0
4864,sess_13439,Mobile,0.0
4865,sess_80430,Mobile,1.0
4866,sess_21417,Tablet,0.0
4867,sess_64894,Mobile,0.0
4868,sess_41963,Desktop,0.0
4869,sess_21226,Tablet,0.0
4870,sess_28871,Tablet,0.0
4871,sess_58821,Mobile,0.0
4872,sess_85876,Tablet,0.0
4873,sess_12586,Desktop,0.0
4874,sess_78377,Desktop,0.0
4875,sess_29980,Desktop,1.0
4876,sess_79327,Tablet,0.0
4877,sess_23878,Tablet,0.0
4878,sess_14462,Desktop,0.0
4879,sess_76590,Tablet,1.0
4880,sess_58976,Tablet,0.0
4881,sess_64227,Tablet,0.0
4882,sess_42459,Tablet,0.0
4883,sess_65123,Tablet,0.0
4884,sess_64206,Mobile,-0.0
4885,sess_40880,Tablet,0.0
4886,sess_10763,Mobile,0.0
4887,sess_11489,Mobile,0.0
4888,sess_71347,Desktop,0.0
4889,sess_79508,Tablet,0.0
4890,sess_32967,Tablet,0.0
4891,sess_71365,Mobile,0.0
4892,sess_39731,Mobile,0.0
4893,sess_48040,Desktop,0.0
4894,sess_90251,Mobile,0.0
4895,sess_30354,Mobile,0.0
4896,sess_98820,Tablet,-0.0
4897,sess_20288,Tablet,1.0
4898,sess_25378,Mobile,0.0
4899,sess_21892,Desktop,0.0
4900,sess_31125,Desktop,0.0
4901,sess_11133,Tablet,
4902,sess_29480,Desktop,0.0
4903,sess_73845,Mobile,0.0
4904,sess_23272,Tablet,0.0
4905,sess_53506,Tablet,0.0
4906,sess_17002,Mobile,0.0
4907,sess_68885,Tablet,0.0
4908,sess_48665,Tablet,1.0
4909,sess_37164,Desktop,0.0
4910,sess_26938,Tablet,1.0
4911,sess_78217,Desktop,0.0
4912,sess_23718,Desktop,1.0
4913,sess_35744,Tablet,0.0
4914,sess_11142,Tablet,1.0
4915,sess_83092,Mobile,0.0
4916,sess_77283,Tablet,0.0
4917,sess_13520,Tablet,1.0
4918,sess_69108,Tablet,11.200726249168966
4919,sess_34015,Tablet,0.0
4920,sess_68484,Mobile,1.0
4921,sess_27019,Tablet,-0.0
4922,sess_43672,Tablet,0.0
4923,sess_69632,Tablet,1.0
4924,sess_36104,Desktop,0.0
4925,sess_85261,Mobile,0.0
4926,sess_52530,Desktop,0.0
4927,sess_31000,Tablet,1.0
4928,sess_42242,Tablet,0.0
4929,sess_23910,Mobile,0.0
4930,sess_66339,Desktop,0.0
4931,sess_67574,Desktop,0.0
4932,sess_66507,Tablet,0.0
4933,sess_23420,Desktop,0.0
4934,sess_32488,Desktop,0.0
4935,sess_65007,Tablet,1.0
4936,sess_87020,Tablet,1.0
4937,sess_20657,Desktop,1.0
4938,sess_69297,Tablet,0.0
4939,sess_96151,Mobile,0.0
4940,sess_81026,Tablet,
4941,sess_62886,Desktop,1.0
4942,sess_97752,Desktop,0.0
4943,sess_94167,Tablet,0.0
4944,sess_64040,Mobile,1.0
4945,sess_34884,Tablet,0.0
4946,sess_42179,Mobile,1.0
4947,sess_70977,Mobile,0.0
4948,sess_53335,Mobile,0.0
4949,sess_94065,Mobile,0.0
4950,sess_33175,Mobile,-0.0
4951,sess_18636,Mobile,0.0
4952,sess_27755,Desktop,0.0
4953,sess_44830,Mobile,0.0
4954,sess_36051,Mobile,0.0
4955,sess_28293,Desktop,0.0
4956,sess_43230,Mobile,0.0
4957,sess_87984,Desktop,0.0
4958,sess_26170,Mobile,1.0
4959,sess_90989,Desktop,0.0
4960,sess_41140,Tablet,0.0
4961,sess_46577,Desktop,0.0
4962,sess_90331,Tablet,0.0
4963,sess_74173,Desktop,0.0
4964,sess_77939,Tablet,0.0
4965,sess_49396,Tablet,1.0
4966,sess_84256,Desktop,0.0
4967,sess_71298,Mobile,0.0
4968,sess_82694,Tablet,0.0
4969,sess_15801,Desktop,0.0
4970,sess_81416,Tablet,0.0
4971,sess_92387,Desktop,1.0
4972,sess_63114,Tablet,0.0
4973,sess_32027,Desktop,1.0
4974,sess_36861,Mobile,1.0
4975,sess_82721,Tablet,0.0
4976,sess_97663,Mobile,0.0
4977,sess_74156,Desktop,0.0
4978,sess_83227,Mobile,0.0
4979,sess_50983,Mobile,0.0
4980,sess_17825,Desktop,0.0
4981,sess_49522,Desktop,
4982,sess_69083,Mobile,0.0
4983,sess_76136,Desktop,0.0
4984,sess_16208,Desktop,0.0
4985,sess_74650,Desktop,1.0
4986,sess_78218,Mobile,1.0
4987,sess_42512,Tablet,0.0
4988,sess_15446,Mobile,-1.0
4989,sess_84360,Tablet,0.0
4990,sess_64135,Tablet,0.0
4991,sess_32956,Tablet,1.0
4992,sess_60545,Tablet,0.0
4993,sess_41560,Mobile,0.0
4994,sess_84351,Mobile,0.0
4995,sess_71716,Mobile,1.0
4996,sess_80561,Tablet,0.0
4997,sess_50661,Mobile,0.0
4998,sess_20081,Mobile,1.0
4999,sess_66545,Tablet,0.0
5000,sess_93401,Tablet,0.0
