OrderKey,DeviceType,CartAbandonFlag
2001,Tablet,0
2002,Mobile,0
2003,Tablet,0
2004,Tablet,1
2005,Mobile,0
2006,Mobile,0
2007,Tablet,1
2008,Desktop,0
2009,Tablet,1
2010,Tablet,0
2011,Tablet,0
2012,Tablet,0
2013,Mobile,0
2014,Tablet,1
2015,Desktop,0
2016,Mobile,0
2017,Desktop,0
2018,Desktop,0
2019,Desktop,1
2020,Desktop,0
2021,Mobile,0
2022,Mobile,1
2023,Desktop,0
2024,Desktop,1
2025,Mobile,0
2026,Mobile,0
2027,Mobile,0
2028,Tablet,0
2029,Tablet,1
2030,Tablet,0
2031,Desktop,0
2032,Tablet,0
2033,Desktop,0
2034,Desktop,0
2035,Tablet,1
2036,Desktop,0
2037,Tablet,0
2038,Tablet,0
2039,Mobile,0
2040,Tablet,0
2041,Mobile,0
2042,Tablet,1
2043,Tablet,0
2044,Mobile,0
2045,Mobile,0
2046,Tablet,1
2047,Desktop,0
2048,Mobile,0
2049,Desktop,0
2050,Desktop,0
2051,Desktop,0
2052,Mobile,0
2053,Desktop,0
2054,Mobile,0
2055,Desktop,1
2056,Tablet,1
2057,Tablet,0
2058,Mobile,0
2059,Tablet,0
2060,Tablet,0
2061,Desktop,0
2062,Mobile,0
2063,Desktop,0
2064,Desktop,1
2065,Desktop,0
2066,Desktop,0
2067,Desktop,1
2068,Desktop,0
2069,Desktop,0
2070,Mobile,0
2071,Tablet,0
2072,Desktop,1
2073,Desktop,0
2074,Desktop,0
2075,Desktop,1
2076,Desktop,1
2077,Desktop,1
2078,Tablet,0
2079,Tablet,0
2080,Moblie,1
2081,Tablet,1
2082,Mobile,0
2083,Desktop,0
2084,Mobile,0
2085,Mobile,1
2086,Desktop,0
2087,Tablet,0
2088,Mobile,0
2089,Desktop,0
2090,Mobile,1
2091,Mobile,0
2092,Mobile,1
2093,Mobile,1
2094,Tablet,0
2095,Mobile,0
2096,Mobile,0
2097,Mobile,1
2098,Tablet,0
2099,Mobile,0
2100,Mobile,1
2101,Tablet,0
2102,Tablet,1
2103,Tablet,0
2104,Mobile,0
2105,Tablet,0
2106,Tablet,1
2107,Mobile,0
2108,Tablet,1
2109,Mobile,1
2110,Desktop,0
2111,Moblie,1
2112,Moblie,0
2113,Mobile,0
2114,Tablet,0
2115,Mobile,1
2116,Desktop,0
2117,Mobile,0
2118,Tablet,0
2119,Tablet,0
2120,Desktop,0
2121,Mobile,1
2122,Tablet,1
2123,Desktop,0
2124,Tablet,1
2125,Tablet,0
2126,Mobile,1
2127,Tablet,0
2128,Mobile,0
2129,Tablet,0
2130,Desktop,1
2131,Tablet,0
2132,Mobile,0
2133,Mobile,0
2134,Desktop,0
2135,Tablet,0
2136,Tablet,0
2137,Desktop,1
2138,Tablet,0
2139,Tablet,0
2140,Mobile,0
2141,Tablet,1
2142,Tablet,1
2143,Desktop,0
2144,Desktop,0
2145,Mobile,0
2146,Tablet,0
2147,Tablet,1
2148,Tablet,0
2149,Mobile,0
2150,Mobile,0
2151,Desktop,1
2152,Mobile,0
2153,Tablet,0
2154,Tablet,0
2155,Mobile,1
2156,Tablet,0
2157,Tablet,0
2158,Mobile,0
2159,Mobile,0
2160,Tablet,0
2161,Tablet,0
2162,Tablet,0
2163,Desktop,0
2164,Desktop,0
2165,Desktop,1
2166,Mobile,0
2167,Desktop,1
2168,Mobile,0
2169,Mobile,0
2170,Desktop,0
2171,Desktop,0
2172,Desktop,0
2173,Tablet,0
2174,Desktop,0
2175,Tablet,1
2176,Mobile,0
2177,Tablet,1
2178,Desktop,0
2179,Mobile,0
2180,Mobile,0
2181,Mobile,0
2182,Tablet,0
2183,Desktop,0
2184,Mobile,0
2185,Mobile,0
2186,Mobile,0
2187,Tablet,1
2188,Tablet,1
2189,Desktop,1
2190,Tablet,1
2191,Mobile,0
2192,Desktop,0
2193,Mobile,1
2194,Mobile,0
2195,Tablet,0
2196,Desktop,0
2197,Tablet,0
2198,Tablet,0
2199,Desktop,1
2200,Mobile,0
2201,Mobile,0
2202,Desktop,1
2203,Mobile,0
2204,Desktop,0
2205,Desktop,0
2206,Moblie,0
2207,Desktop,1
2208,Tablet,0
2209,Mobile,1
2210,Mobile,0
2211,Mobile,1
2212,Mobile,1
2213,Tablet,1
2214,Moblie,0
2215,Desktop,1
2216,Desktop,0
2217,Desktop,0
2218,Tablet,1
2219,Mobile,0
2220,Mobile,1
2221,Mobile,0
2222,Tablet,0
2223,Desktop,0
2224,Desktop,0
2225,Mobile,0
2226,Desktop,0
2227,Desktop,0
2228,Tablet,0
2229,Tablet,0
2230,Tablet,0
2231,Tablet,0
2232,Mobile,0
2233,Tablet,0
2234,Desktop,1
2235,Mobile,1
2236,Desktop,0
2237,Desktop,0
2238,Desktop,1
2239,Tablet,0
2240,Tablet,0
2241,Mobile,0
2242,Mobile,1
2243,Tablet,0
2244,Desktop,0
2245,Mobile,1
2246,Tablet,1
2247,Tablet,0
2248,Tablet,0
2249,Desktop,1
2250,Tablet,0
2251,Tablet,0
2252,Tablet,0
2253,Tablet,1
2254,Mobile,0
2255,Mobile,1
2256,Tablet,1
2257,Desktop,0
2258,Mobile,0
2259,Tablet,0
2260,Mobile,0
2261,Mobile,0
2262,Desktop,1
2263,Tablet,0
2264,Tablet,1
2265,Desktop,0
2266,Desktop,0
2267,Tablet,0
2268,Tablet,0
2269,Desktop,0
2270,Mobile,0
2271,Mobile,0
2272,Desktop,0
2273,Mobile,0
2274,Desktop,0
2275,Mobile,0
2276,Mobile,1
2277,Tablet,0
2278,Tablet,0
2279,Mobile,0
2280,Mobile,0
2281,Tablet,0
2282,Tablet,0
2283,Tablet,0
2284,Desktop,0
2285,Mobile,0
2286,Tablet,0
2287,Mobile,0
2288,Desktop,1
2289,Desktop,0
2290,Tablet,0
2291,Desktop,0
2292,Mobile,0
2293,Tablet,0
2294,Mobile,0
2295,Mobile,0
2296,Desktop,0
2297,Desktop,0
2298,Desktop,0
2299,Desktop,0
2300,Desktop,0
2301,Tablet,0
2302,Mobile,1
2303,Mobile,0
2304,Mobile,0
2305,Mobile,0
2306,Desktop,1
2307,Mobile,0
2308,Tablet,0
2309,Tablet,0
2310,Mobile,0
2311,Mobile,0
2312,Tablet,0
2313,Tablet,1
2314,Desktop,0
2315,Tablet,0
2316,Desktop,1
2317,Desktop,0
2318,Desktop,0
2319,Desktop,0
2320,Desktop,0
2321,Mobile,0
2322,Tablet,1
2323,Desktop,0
2324,Tablet,0
2325,Tablet,0
2326,Desktop,1
2327,Mobile,1
2328,Desktop,1
2329,Mobile,0
2330,Tablet,0
2331,Mobile,0
2332,Mobile,0
2333,Mobile,0
2334,Tablet,0
2335,Tablet,0
2336,Moblie,0
2337,Mobile,0
2338,Desktop,0
2339,Mobile,0
2340,Desktop,0
2341,Mobile,0
2342,Desktop,1
2343,Tablet,0
2344,Moblie,0
2345,Mobile,0
2346,Mobile,1
2347,Mobile,0
2348,Desktop,0
2349,Mobile,0
2350,Tablet,0
2351,Tablet,0
2352,Mobile,0
2353,Tablet,1
2354,Mobile,0
2355,Mobile,1
2356,Tablet,0
2357,Mobile,0
2358,Tablet,1
2359,Desktop,0
2360,Mobile,0
2361,Desktop,0
2362,Tablet,0
2363,Desktop,0
2364,Desktop,0
2365,Tablet,0
2366,Desktop,0
2367,Desktop,0
2368,Tablet,0
2369,Desktop,0
2370,Tablet,0
2371,Desktop,0
2372,Tablet,0
2373,Tablet,1
2374,Desktop,0
2375,Desktop,0
2376,Desktop,0
2377,Mobile,0
2378,Mobile,0
2379,Mobile,1
2380,Tablet,0
2381,Desktop,1
2382,Tablet,1
2383,Mobile,1
2384,Desktop,1
2385,Tablet,0
2386,Desktop,0
2387,Tablet,0
2388,Desktop,0
2389,Mobile,0
2390,Mobile,0
2391,Desktop,0
2392,Tablet,0
2393,Mobile,0
2394,Mobile,0
2395,Mobile,0
2396,Desktop,1
2397,Desktop,0
2398,Tablet,0
2399,Tablet,0
2400,Tablet,0
2401,Desktop,0
2402,Desktop,0
2403,Tablet,0
2404,Tablet,0
2405,Desktop,0
2406,Tablet,0
2407,Mobile,0
2408,Desktop,0
2409,Tablet,0
2410,Desktop,1
2411,Mobile,0
2412,Desktop,0
2413,Desktop,0
2414,Desktop,0
2415,Desktop,0
2416,Mobile,0
2417,Desktop,1
2418,Desktop,0
2419,Tablet,0
2420,Desktop,0
2421,Tablet,0
2422,Mobile,0
2423,Mobile,0
2424,Mobile,1
2425,Mobile,0
2426,Tablet,0
2427,Desktop,1
2428,Mobile,0
2429,Desktop,1
2430,Tablet,0
2431,Tablet,1
2432,Tablet,0
2433,Mobile,1
2434,Desktop,1
2435,Desktop,0
2436,Desktop,1
2437,Tablet,0
2438,Mobile,0
2439,Tablet,0
2440,Tablet,0
2441,Desktop,0
2442,Tablet,0
2443,Desktop,0
2444,Mobile,1
2445,Desktop,1
2446,Mobile,0
2447,Desktop,0
2448,Tablet,0
2449,Tablet,0
2450,Mobile,0
2451,Mobile,0
2452,Mobile,0
2453,Desktop,1
2454,Desktop,0
2455,Mobile,0
2456,Tablet,0
2457,Desktop,0
2458,Desktop,0
2459,Desktop,0
2460,Mobile,0
2461,Mobile,0
2462,Mobile,1
2463,Mobile,1
2464,Mobile,0
2465,Tablet,0
2466,Tablet,0
2467,Mobile,0
2468,Desktop,0
2469,Mobile,0
2470,Tablet,0
2471,Tablet,0
2472,Desktop,0
2473,Tablet,1
2474,Mobile,1
2475,Desktop,0
2476,Mobile,0
2477,Mobile,1
2478,Desktop,0
2479,Mobile,1
2480,Tablet,0
2481,Mobile,1
2482,Desktop,0
2483,Desktop,1
2484,Desktop,1
2485,Mobile,0
2486,Desktop,0
2487,Desktop,1
2488,Mobile,0
2489,Tablet,1
2490,Mobile,0
2491,Desktop,0
2492,Desktop,0
2493,Mobile,0
2494,Tablet,1
2495,Desktop,0
2496,Desktop,0
2497,Desktop,0
2498,Mobile,0
2499,Desktop,1
2500,Tablet,1
2501,Desktop,0
2502,Desktop,1
2503,Tablet,1
2504,Desktop,0
2505,Mobile,1
2506,Mobile,0
2507,Mobile,0
2508,Tablet,1
2509,Desktop,0
2510,Mobile,1
2511,Tablet,1
2512,Desktop,0
2513,Tablet,1
2514,Mobile,0
2515,Mobile,0
2516,Mobile,0
2517,Tablet,1
2518,Tablet,0
2519,Mobile,0
2520,Tablet,0
2521,Mobile,0
2522,Mobile,0
2523,Desktop,0
2524,Tablet,0
2525,Mobile,0
2526,Mobile,1
2527,Tablet,0
2528,Desktop,0
2529,Desktop,1
2530,Mobile,0
2531,Tablet,1
2532,Desktop,0
2533,Tablet,1
2534,Tablet,0
2535,Mobile,0
2536,Desktop,0
2537,Mobile,1
2538,Desktop,0
2539,Desktop,0
2540,Desktop,1
2541,Desktop,1
2542,Desktop,0
2543,Tablet,1
2544,Mobile,1
2545,Tablet,0
2546,Desktop,0
2547,Mobile,0
2548,Desktop,0
2549,Mobile,0
2550,Tablet,0
2551,Mobile,0
2552,Mobile,0
2553,Mobile,0
2554,Mobile,1
2555,Mobile,1
2556,Moblie,0
2557,Mobile,1
2558,Mobile,0
2559,Tablet,0
2560,Mobile,0
2561,Tablet,0
2562,Desktop,1
2563,Mobile,0
2564,Tablet,0
2565,Tablet,0
2566,Desktop,0
2567,Mobile,0
2568,Mobile,0
2569,Tablet,0
2570,Mobile,1
2571,Tablet,1
2572,Mobile,0
2573,Tablet,1
2574,Mobile,0
2575,Desktop,0
2576,Mobile,0
2577,Mobile,0
2578,Desktop,1
2579,Mobile,0
2580,Desktop,0
2581,Mobile,0
2582,Tablet,0
2583,Tablet,1
2584,Mobile,0
2585,Mobile,0
2586,Mobile,0
2587,Tablet,0
2588,Mobile,0
2589,Tablet,0
2590,Desktop,0
2591,Tablet,0
2592,Tablet,1
2593,Desktop,1
2594,Tablet,0
2595,Mobile,0
2596,Mobile,0
2597,Tablet,1
2598,Mobile,0
2599,Tablet,0
2600,Mobile,0
2601,Mobile,0
2602,Tablet,0
2603,Mobile,0
2604,Tablet,0
2605,Mobile,0
2606,Mobile,0
2607,Desktop,0
2608,Desktop,0
2609,Tablet,0
2610,Desktop,0
2611,Tablet,0
2612,Desktop,1
2613,Mobile,0
2614,Tablet,0
2615,Tablet,0
2616,Mobile,0
2617,Tablet,0
2618,Tablet,0
2619,Desktop,0
2620,Tablet,1
2621,Mobile,0
2622,Desktop,1
2623,Desktop,1
2624,Mobile,0
2625,Mobile,1
2626,Desktop,0
2627,Tablet,1
2628,Desktop,0
2629,Mobile,0
2630,Desktop,0
2631,Mobile,0
2632,Desktop,0
2633,Tablet,0
2634,Desktop,0
2635,Desktop,0
2636,Mobile,0
2637,Mobile,0
2638,Mobile,1
2639,Desktop,1
2640,Tablet,1
2641,Mobile,0
2642,Mobile,0
2643,Desktop,0
2644,Mobile,1
2645,Tablet,0
2646,Tablet,0
2647,Mobile,0
2648,Mobile,1
2649,Desktop,0
2650,Tablet,0
2651,Tablet,0
2652,Mobile,0
2653,Desktop,0
2654,Tablet,0
2655,Tablet,0
2656,Desktop,1
2657,Desktop,0
2658,Tablet,1
2659,Tablet,1
2660,Desktop,0
2661,Tablet,0
2662,Mobile,0
2663,Mobile,1
2664,Desktop,0
2665,Desktop,0
2666,Desktop,0
2667,Mobile,0
2668,Tablet,0
2669,Mobile,0
2670,Tablet,0
2671,Mobile,0
2672,Tablet,0
2673,Mobile,0
2674,Desktop,0
2675,Mobile,0
2676,Tablet,1
2677,Mobile,0
2678,Mobile,0
2679,Mobile,0
2680,Desktop,0
2681,Mobile,0
2682,Desktop,0
2683,Desktop,1
2684,Mobile,0
2685,Mobile,0
2686,Mobile,0
2687,Tablet,0
2688,Mobile,0
2689,Desktop,0
2690,Mobile,0
2691,Tablet,0
2692,Mobile,0
2693,Tablet,0
2694,Tablet,0
2695,Mobile,0
2696,Desktop,1
2697,Tablet,0
2698,Mobile,0
2699,Mobile,0
2700,Desktop,1
2701,Tablet,1
2702,Tablet,0
2703,Mobile,1
2704,Mobile,0
2705,Desktop,0
2706,Desktop,1
2707,Tablet,1
2708,Tablet,0
2709,Mobile,0
2710,Tablet,0
2711,Desktop,0
2712,Desktop,1
2713,Mobile,0
2714,Desktop,0
2715,Desktop,0
2716,Desktop,0
2717,Desktop,0
2718,Mobile,0
2719,Mobile,1
2720,Tablet,1
2721,Desktop,0
2722,Tablet,1
2723,Mobile,1
2724,Mobile,1
2725,Mobile,0
2726,Mobile,0
2727,Mobile,0
2728,Mobile,0
2729,Mobile,0
2730,Desktop,0
2731,Tablet,0
2732,Mobile,0
2733,Desktop,0
2734,Desktop,0
2735,Tablet,1
2736,Mobile,1
2737,Tablet,1
2738,Mobile,1
2739,Desktop,0
2740,Desktop,1
2741,Desktop,0
2742,Desktop,0
2743,Tablet,0
2744,Mobile,0
2745,Moblie,0
2746,Tablet,0
2747,Mobile,1
2748,Desktop,0
2749,Mobile,0
2750,Desktop,1
2751,Tablet,0
2752,Mobile,0
2753,Tablet,0
2754,Mobile,0
2755,Desktop,0
2756,Tablet,1
2757,Mobile,0
2758,Desktop,0
2759,Tablet,1
2760,Tablet,0
2761,Mobile,0
2762,Mobile,0
2763,Mobile,0
2764,Desktop,0
2765,Mobile,0
2766,Tablet,0
2767,Tablet,1
2768,Mobile,0
2769,Mobile,0
2770,Tablet,0
2771,Desktop,0
2772,Mobile,0
2773,Mobile,0
2774,Tablet,1
2775,Mobile,0
2776,Desktop,0
2777,Tablet,0
2778,Mobile,0
2779,Tablet,0
2780,Mobile,0
2781,Mobile,0
2782,Mobile,0
2783,Desktop,1
2784,Desktop,1
2785,Tablet,1
2786,Mobile,1
2787,Mobile,0
2788,Desktop,1
2789,Mobile,0
2790,Desktop,1
2791,Mobile,1
2792,Tablet,0
2793,Mobile,1
2794,Mobile,0
2795,Desktop,0
2796,Mobile,0
2797,Mobile,0
2798,Desktop,0
2799,Tablet,0
2800,Tablet,1
2801,Desktop,0
2802,Desktop,1
2803,Desktop,1
2804,Desktop,1
2805,Desktop,1
2806,Tablet,0
2807,Tablet,1
2808,Desktop,1
2809,Mobile,0
2810,Desktop,0
2811,Mobile,0
2812,Desktop,0
2813,Desktop,0
2814,Tablet,0
2815,Mobile,0
2816,Mobile,0
2817,Tablet,1
2818,Tablet,0
2819,Tablet,0
2820,Tablet,0
2821,Mobile,0
2822,Mobile,1
2823,Desktop,0
2824,Desktop,0
2825,Tablet,0
2826,Tablet,0
2827,Tablet,1
2828,Desktop,0
2829,Desktop,0
2830,Desktop,0
2831,Desktop,0
2832,Desktop,0
2833,Desktop,0
2834,Desktop,0
2835,Tablet,0
2836,Tablet,0
2837,Tablet,1
2838,Tablet,1
2839,Desktop,0
2840,Mobile,1
2841,Desktop,0
2842,Mobile,0
2843,Tablet,1
2844,Desktop,1
2845,Tablet,1
2846,Desktop,0
2847,Tablet,0
2848,Mobile,1
2849,Mobile,0
2850,Mobile,0
2851,Desktop,0
2852,Mobile,0
2853,Desktop,0
2854,Mobile,0
2855,Mobile,1
2856,Desktop,0
2857,Desktop,0
2858,Mobile,0
2859,Desktop,0
2860,Mobile,0
2861,Desktop,0
2862,Tablet,1
2863,Tablet,0
2864,Tablet,1
2865,Tablet,0
2866,Tablet,0
2867,Moblie,0
2868,Tablet,0
2869,Tablet,1
2870,Tablet,0
2871,Tablet,0
2872,Desktop,1
2873,Mobile,1
2874,Tablet,1
2875,Tablet,0
2876,Tablet,1
2877,Mobile,0
2878,Desktop,0
2879,Mobile,0
2880,Desktop,0
2881,Tablet,0
2882,Tablet,0
2883,Mobile,1
2884,Mobile,0
2885,Desktop,0
2886,Desktop,0
2887,Mobile,1
2888,Desktop,0
2889,Mobile,0
2890,Desktop,1
2891,Mobile,1
2892,Mobile,0
2893,Mobile,0
2894,Desktop,1
2895,Desktop,0
2896,Desktop,0
2897,Mobile,1
2898,Desktop,0
2899,Desktop,0
2900,Mobile,0
2901,Tablet,0
2902,Mobile,0
2903,Desktop,1
2904,Mobile,0
2905,Tablet,0
2906,Mobile,0
2907,Desktop,0
2908,Tablet,1
2909,Desktop,0
2910,Tablet,0
2911,Tablet,0
2912,Mobile,0
2913,Mobile,0
2914,Desktop,0
2915,Mobile,1
2916,Mobile,0
2917,Tablet,0
2918,Mobile,0
2919,Moblie,1
2920,Tablet,0
2921,Tablet,0
2922,Desktop,0
2923,Desktop,0
2924,Desktop,1
2925,Tablet,0
2926,Desktop,0
2927,Desktop,1
2928,Mobile,1
2929,Desktop,1
2930,Desktop,1
2931,Tablet,0
2932,Tablet,0
2933,Tablet,0
2934,Tablet,0
2935,Tablet,0
2936,Tablet,0
2937,Desktop,0
2938,Tablet,1
2939,Tablet,0
2940,Mobile,1
2941,Desktop,0
2942,Desktop,0
2943,Desktop,0
2944,Tablet,0
2945,Tablet,0
2946,Tablet,1
2947,Mobile,0
2948,Tablet,0
2949,Mobile,0
2950,Desktop,0
2951,Tablet,1
2952,Mobile,1
2953,Mobile,0
2954,Tablet,0
2955,Desktop,0
2956,Desktop,1
2957,Desktop,0
2958,Mobile,0
2959,Mobile,1
2960,Mobile,0
2961,Mobile,1
2962,Desktop,0
2963,Tablet,0
2964,Mobile,0
2965,Mobile,1
2966,Desktop,1
2967,Tablet,0
2968,Tablet,0
2969,Desktop,0
2970,Desktop,1
2971,Tablet,0
2972,Mobile,0
2973,Tablet,0
2974,Desktop,1
2975,Mobile,0
2976,Mobile,0
2977,Desktop,0
2978,Desktop,1
2979,Desktop,0
2980,Tablet,0
2981,Tablet,1
2982,Mobile,0
2983,Desktop,0
2984,Mobile,0
2985,Mobile,1
2986,Mobile,0
2987,Mobile,1
2988,Desktop,0
2989,Mobile,0
2990,Desktop,0
2991,Desktop,1
2992,Tablet,0
2993,Desktop,1
2994,Tablet,0
2995,Desktop,0
2996,Desktop,0
2997,Desktop,1
2998,Tablet,0
2999,Tablet,0
3000,Mobile,0
3001,Tablet,1
3002,Tablet,0
3003,Tablet,1
3004,Tablet,0
3005,Mobile,0
3006,Tablet,0
3007,Desktop,1
3008,Desktop,1
3009,Tablet,0
3010,Tablet,0
3011,Desktop,0
3012,Desktop,0
3013,Mobile,0
3014,Desktop,0
3015,Desktop,0
3016,Tablet,0
3017,Desktop,0
3018,Mobile,0
3019,Desktop,0
3020,Tablet,0
3021,Tablet,1
3022,Desktop,0
3023,Tablet,0
3024,Mobile,0
3025,Mobile,0
3026,Desktop,0
3027,Desktop,0
3028,Desktop,1
3029,Tablet,0
3030,Mobile,0
3031,Mobile,0
3032,Tablet,0
3033,Mobile,0
3034,Moblie,1
3035,Desktop,0
3036,Desktop,0
3037,Mobile,0
3038,Desktop,0
3039,Tablet,1
3040,Tablet,0
3041,Mobile,0
3042,Tablet,0
3043,Tablet,1
3044,Mobile,0
3045,Desktop,0
3046,Desktop,0
3047,Desktop,0
3048,Mobile,0
3049,Tablet,0
3050,Desktop,0
3051,Desktop,0
3052,Mobile,0
3053,Desktop,0
3054,Mobile,0
3055,Tablet,0
3056,Mobile,0
3057,Mobile,1
3058,Mobile,0
3059,Mobile,0
3060,Tablet,0
3061,Tablet,1
3062,Desktop,0
3063,Tablet,0
3064,Tablet,0
3065,Desktop,0
3066,Moblie,0
3067,Mobile,0
3068,Mobile,0
3069,Desktop,1
3070,Desktop,0
3071,Desktop,0
3072,Mobile,0
3073,Tablet,0
3074,Mobile,0
3075,Desktop,0
3076,Tablet,0
3077,Tablet,1
3078,Mobile,1
3079,Desktop,0
3080,Mobile,0
3081,Tablet,1
3082,Mobile,0
3083,Mobile,1
3084,Desktop,0
3085,Desktop,0
3086,Tablet,0
3087,Mobile,0
3088,Mobile,0
3089,Mobile,0
3090,Tablet,0
3091,Tablet,0
3092,Desktop,0
3093,Desktop,1
3094,Desktop,0
3095,Mobile,1
3096,Mobile,0
3097,Desktop,0
3098,Mobile,1
3099,Desktop,0
3100,Tablet,0
3101,Desktop,0
3102,Tablet,0
3103,Mobile,0
3104,Desktop,1
3105,Mobile,0
3106,Tablet,0
3107,Tablet,0
3108,Tablet,0
3109,Mobile,0
3110,Mobile,0
3111,Mobile,0
3112,Mobile,0
3113,Tablet,0
3114,Tablet,0
3115,Desktop,0
3116,Desktop,0
3117,Mobile,1
3118,Tablet,0
3119,Tablet,0
3120,Tablet,0
3121,Desktop,0
3122,Desktop,0
3123,Tablet,0
3124,Tablet,0
3125,Tablet,0
3126,Desktop,0
3127,Tablet,0
3128,Tablet,0
3129,Mobile,0
3130,Mobile,1
3131,Desktop,1
3132,Tablet,1
3133,Tablet,1
3134,Mobile,1
3135,Desktop,0
3136,Mobile,0
3137,Mobile,0
3138,Mobile,0
3139,Mobile,0
3140,Moblie,0
3141,Tablet,0
3142,Mobile,0
3143,Desktop,1
3144,Desktop,0
3145,Desktop,0
3146,Desktop,0
3147,Mobile,0
3148,Tablet,1
3149,Desktop,0
3150,Mobile,1
3151,Desktop,0
3152,Desktop,0
3153,Mobile,0
3154,Tablet,0
3155,Tablet,0
3156,Mobile,0
3157,Tablet,0
3158,Mobile,1
3159,Mobile,0
3160,Mobile,1
3161,Tablet,0
3162,Mobile,0
3163,Desktop,0
3164,Tablet,0
3165,Tablet,0
3166,Tablet,0
3167,Tablet,0
3168,Desktop,1
3169,Tablet,0
3170,Tablet,1
3171,Mobile,0
3172,Tablet,0
3173,Desktop,0
3174,Desktop,0
3175,Desktop,0
3176,Desktop,0
3177,Tablet,0
3178,Tablet,0
3179,Desktop,1
3180,Desktop,1
3181,Tablet,0
3182,Desktop,0
3183,Mobile,0
3184,Desktop,0
3185,Desktop,0
3186,Mobile,0
3187,Mobile,0
3188,Tablet,0
3189,Tablet,0
3190,Mobile,1
3191,Mobile,1
3192,Tablet,0
3193,Desktop,1
3194,Mobile,1
3195,Tablet,0
3196,Desktop,0
3197,Mobile,0
3198,Desktop,1
3199,Tablet,1
3200,Mobile,0
3201,Desktop,0
3202,Mobile,0
3203,Desktop,0
3204,Tablet,0
3205,Tablet,1
3206,Mobile,0
3207,Desktop,1
3208,Mobile,1
3209,Mobile,0
3210,Desktop,0
3211,Desktop,0
3212,Desktop,0
3213,Tablet,0
3214,Mobile,0
3215,Mobile,0
3216,Tablet,0
3217,Desktop,0
3218,Tablet,0
3219,Tablet,0
3220,Tablet,0
3221,Mobile,0
3222,Tablet,0
3223,Mobile,0
3224,Mobile,0
3225,Mobile,0
3226,Desktop,0
3227,Mobile,1
3228,Mobile,0
3229,Desktop,0
3230,Mobile,0
3231,Tablet,0
3232,Tablet,0
3233,Mobile,0
3234,Desktop,0
3235,Tablet,0
3236,Desktop,0
3237,Desktop,0
3238,Tablet,0
3239,Desktop,1
3240,Tablet,0
3241,Desktop,0
3242,Tablet,0
3243,Mobile,0
3244,Tablet,0
3245,Tablet,0
3246,Tablet,0
3247,Tablet,0
3248,Desktop,0
3249,Mobile,0
3250,Tablet,1
3251,Desktop,0
3252,Mobile,0
3253,Mobile,0
3254,Mobile,0
3255,Mobile,0
3256,Tablet,0
3257,Tablet,0
3258,Desktop,0
3259,Desktop,0
3260,Desktop,0
3261,Mobile,1
3262,Mobile,0
3263,Tablet,0
3264,Mobile,0
3265,Mobile,0
3266,Mobile,1
3267,Desktop,0
3268,Desktop,0
3269,Tablet,0
3270,Mobile,0
3271,Mobile,0
3272,Tablet,0
3273,Mobile,0
3274,Mobile,0
3275,Desktop,0
3276,Tablet,1
3277,Tablet,1
3278,Tablet,1
3279,Tablet,0
3280,Desktop,0
3281,Desktop,1
3282,Mobile,0
3283,Mobile,0
3284,Mobile,1
3285,Mobile,1
3286,Desktop,0
3287,Tablet,0
3288,Desktop,0
3289,Mobile,1
3290,Desktop,1
3291,Tablet,0
3292,Tablet,0
3293,Desktop,1
3294,Desktop,0
3295,Desktop,0
3296,Mobile,1
3297,Desktop,0
3298,Desktop,0
3299,Desktop,0
3300,Tablet,0
3301,Tablet,1
3302,Mobile,0
3303,Mobile,1
3304,Tablet,0
3305,Tablet,0
3306,Tablet,0
3307,Desktop,0
3308,Desktop,0
3309,Tablet,0
3310,Desktop,0
3311,Desktop,0
3312,Mobile,0
3313,Tablet,0
3314,Tablet,0
3315,Desktop,0
3316,Tablet,0
3317,Mobile,0
3318,Mobile,0
3319,Mobile,0
3320,Tablet,1
3321,Tablet,1
3322,Tablet,0
3323,Tablet,0
3324,Tablet,1
3325,Mobile,0
3326,Desktop,1
3327,Mobile,1
3328,Tablet,1
3329,Mobile,0
3330,Tablet,0
3331,Tablet,0
3332,Mobile,0
3333,Tablet,0
3334,Desktop,0
3335,Tablet,0
3336,Desktop,1
3337,Desktop,0
3338,Tablet,1
3339,Moblie,1
3340,Desktop,0
3341,Moblie,0
3342,Desktop,1
3343,Tablet,0
3344,Tablet,0
3345,Desktop,0
3346,Tablet,0
3347,Desktop,0
3348,Tablet,0
3349,Mobile,0
3350,Tablet,0
3351,Mobile,0
3352,Tablet,0
3353,Mobile,0
3354,Tablet,1
3355,Mobile,0
3356,Desktop,0
3357,Desktop,0
3358,Mobile,0
3359,Tablet,0
3360,Mobile,1
3361,Tablet,0
3362,Desktop,1
3363,Tablet,0
3364,Desktop,0
3365,Tablet,0
3366,Tablet,1
3367,Tablet,0
3368,Mobile,0
3369,Mobile,0
3370,Desktop,0
3371,Desktop,0
3372,Mobile,0
3373,Desktop,0
3374,Mobile,0
3375,Tablet,0
3376,Desktop,1
3377,Desktop,1
3378,Mobile,1
3379,Desktop,0
3380,Desktop,0
3381,Tablet,0
3382,Desktop,0
3383,Moblie,0
3384,Mobile,0
3385,Desktop,0
3386,Tablet,0
3387,Mobile,1
3388,Desktop,0
3389,Mobile,0
3390,Desktop,0
3391,Mobile,0
3392,Mobile,0
3393,Tablet,1
3394,Mobile,1
3395,Desktop,0
3396,Desktop,1
3397,Tablet,1
3398,Desktop,1
3399,Desktop,1
3400,Desktop,0
3401,Mobile,0
3402,Mobile,0
3403,Desktop,0
3404,Tablet,1
3405,Mobile,0
3406,Tablet,0
3407,Desktop,1
3408,Desktop,1
3409,Mobile,1
3410,Desktop,0
3411,Mobile,0
3412,Desktop,0
3413,Desktop,0
3414,Mobile,0
3415,Mobile,0
3416,Mobile,1
3417,Desktop,0
3418,Desktop,0
3419,Tablet,0
3420,Mobile,0
3421,Desktop,0
3422,Desktop,1
3423,Mobile,0
3424,Tablet,1
3425,Mobile,0
3426,Tablet,1
3427,Desktop,0
3428,Tablet,0
3429,Desktop,0
3430,Mobile,1
3431,Mobile,0
3432,Mobile,0
3433,Tablet,1
3434,Moblie,1
3435,Mobile,0
3436,Mobile,0
3437,Desktop,0
3438,Mobile,0
3439,Desktop,0
3440,Desktop,1
3441,Desktop,1
3442,Desktop,0
3443,Desktop,0
3444,Tablet,0
3445,Mobile,1
3446,Tablet,1
3447,Mobile,0
3448,Tablet,1
3449,Desktop,0
3450,Mobile,0
3451,Mobile,0
3452,Tablet,0
3453,Tablet,0
3454,Mobile,0
3455,Tablet,0
3456,Tablet,1
3457,Tablet,0
3458,Desktop,0
3459,Desktop,0
3460,Tablet,0
3461,Tablet,0
3462,Desktop,0
3463,Desktop,0
3464,Mobile,0
3465,Mobile,0
3466,Desktop,0
3467,Tablet,0
3468,Tablet,0
3469,Tablet,0
3470,Tablet,1
3471,Mobile,0
3472,Desktop,0
3473,Tablet,1
3474,Mobile,0
3475,Tablet,0
3476,Desktop,1
3477,Mobile,1
3478,Desktop,1
3479,Desktop,0
3480,Mobile,0
3481,Mobile,0
3482,Mobile,0
3483,Mobile,0
3484,Mobile,0
3485,Mobile,1
3486,Mobile,0
3487,Tablet,0
3488,Desktop,0
3489,Mobile,0
3490,Tablet,0
3491,Tablet,0
3492,Tablet,0
3493,Desktop,0
3494,Mobile,1
3495,Tablet,1
3496,Desktop,0
3497,Desktop,0
3498,Desktop,1
3499,Tablet,1
3500,Mobile,0
3501,Tablet,0
3502,Tablet,0
3503,Mobile,1
3504,Mobile,1
3505,Mobile,0
3506,Desktop,1
3507,Mobile,0
3508,Tablet,1
3509,Mobile,0
3510,Tablet,1
3511,Desktop,0
3512,Tablet,0
3513,Tablet,0
3514,Mobile,1
3515,Mobile,1
3516,Tablet,1
3517,Mobile,1
3518,Desktop,0
3519,Desktop,0
3520,Mobile,0
3521,Desktop,0
3522,Mobile,0
3523,Tablet,0
3524,Tablet,0
3525,Desktop,0
3526,Mobile,0
3527,Mobile,0
3528,Desktop,1
3529,Tablet,1
3530,Desktop,1
3531,Tablet,0
3532,Mobile,0
3533,Tablet,1
3534,Desktop,0
3535,Mobile,0
3536,Desktop,0
3537,Desktop,0
3538,Tablet,0
3539,Desktop,0
3540,Tablet,0
3541,Mobile,0
3542,Tablet,0
3543,Mobile,1
3544,Tablet,0
3545,Desktop,0
3546,Tablet,1
3547,Tablet,0
3548,Mobile,0
3549,Desktop,0
3550,Tablet,0
3551,Desktop,0
3552,Tablet,1
3553,Moblie,0
3554,Desktop,0
3555,Tablet,0
3556,Desktop,0
3557,Tablet,0
3558,Mobile,0
3559,Desktop,0
3560,Tablet,0
3561,Tablet,0
3562,Mobile,0
3563,Desktop,1
3564,Tablet,0
3565,Mobile,0
3566,Tablet,0
3567,Desktop,0
3568,Tablet,0
3569,Tablet,0
3570,Tablet,1
3571,Tablet,1
3572,Mobile,0
3573,Mobile,0
3574,Desktop,1
3575,Mobile,1
3576,Mobile,1
3577,Desktop,0
3578,Mobile,0
3579,Mobile,0
3580,Desktop,0
3581,Desktop,0
3582,Desktop,0
3583,Tablet,1
3584,Tablet,0
3585,Desktop,1
3586,Desktop,0
3587,Desktop,0
3588,Tablet,0
3589,Tablet,1
3590,Mobile,0
3591,Mobile,0
3592,Desktop,1
3593,Tablet,0
3594,Tablet,0
3595,Tablet,0
3596,Desktop,0
3597,Mobile,0
3598,Desktop,0
3599,Mobile,0
3600,Mobile,0
3601,Desktop,0
3602,Mobile,0
3603,Mobile,0
3604,Tablet,0
3605,Mobile,0
3606,Desktop,0
3607,Desktop,0
3608,Mobile,1
3609,Tablet,0
3610,Tablet,1
3611,Mobile,1
3612,Mobile,0
3613,Desktop,0
3614,Moblie,0
3615,Tablet,1
3616,Mobile,0
3617,Desktop,0
3618,Desktop,0
3619,Desktop,1
3620,Desktop,1
3621,Desktop,0
3622,Mobile,0
3623,Mobile,0
3624,Mobile,0
3625,Mobile,1
3626,Desktop,0
3627,Tablet,0
3628,Mobile,0
3629,Tablet,1
3630,Mobile,1
3631,Mobile,0
3632,Tablet,1
3633,Desktop,0
3634,Mobile,0
3635,Mobile,0
3636,Mobile,0
3637,Tablet,0
3638,Desktop,1
3639,Tablet,0
3640,Tablet,0
3641,Desktop,0
3642,Tablet,0
3643,Desktop,1
3644,Mobile,0
3645,Desktop,0
3646,Mobile,1
3647,Tablet,0
3648,Tablet,0
3649,Mobile,0
3650,Tablet,0
3651,Desktop,1
3652,Mobile,1
3653,Tablet,0
3654,Mobile,1
3655,Desktop,0
3656,Desktop,0
3657,Tablet,0
3658,Desktop,0
3659,Mobile,0
3660,Desktop,0
3661,Mobile,1
3662,Mobile,0
3663,Desktop,0
3664,Tablet,0
3665,Desktop,0
3666,Mobile,0
3667,Mobile,0
3668,Desktop,1
3669,Tablet,0
3670,Tablet,0
3671,Mobile,0
3672,Mobile,0
3673,Tablet,0
3674,Desktop,0
3675,Mobile,0
3676,Mobile,0
3677,Tablet,0
3678,Desktop,0
3679,Tablet,0
3680,Desktop,1
3681,Desktop,0
3682,Desktop,1
3683,Mobile,0
3684,Tablet,1
3685,Tablet,0
3686,Desktop,0
3687,Mobile,0
3688,Mobile,1
3689,Tablet,0
3690,Mobile,0
3691,Mobile,0
3692,Desktop,1
3693,Mobile,0
3694,Desktop,1
3695,Tablet,0
3696,Mobile,0
3697,Tablet,0
3698,Tablet,1
3699,Mobile,0
3700,Mobile,1
3701,Tablet,0
3702,Mobile,0
3703,Desktop,0
3704,Desktop,0
3705,Mobile,1
3706,Tablet,1
3707,Mobile,1
3708,Mobile,0
3709,Tablet,0
3710,Tablet,0
3711,Desktop,1
3712,Tablet,0
3713,Desktop,0
3714,Tablet,0
3715,Mobile,0
3716,Desktop,1
3717,Desktop,0
3718,Desktop,0
3719,Mobile,0
3720,Mobile,0
3721,Mobile,0
3722,Mobile,0
3723,Mobile,1
3724,Desktop,1
3725,Mobile,0
3726,Desktop,0
3727,Moblie,1
3728,Tablet,0
3729,Desktop,0
3730,Tablet,0
3731,Desktop,0
3732,Tablet,0
3733,Mobile,1
3734,Mobile,0
3735,Mobile,0
3736,Desktop,0
3737,Tablet,0
3738,Mobile,0
3739,Tablet,1
3740,Tablet,1
3741,Mobile,0
3742,Mobile,1
3743,Tablet,1
3744,Mobile,1
3745,Mobile,0
3746,Mobile,0
3747,Desktop,0
3748,Tablet,0
3749,Tablet,0
3750,Desktop,0
3751,Tablet,1
3752,Mobile,1
3753,Tablet,1
3754,Mobile,0
3755,Desktop,0
3756,Moblie,0
3757,Tablet,0
3758,Tablet,0
3759,Tablet,0
3760,Desktop,0
3761,Desktop,1
3762,Tablet,0
3763,Mobile,0
3764,Desktop,0
3765,Tablet,0
3766,Tablet,0
3767,Desktop,0
3768,Desktop,0
3769,Desktop,0
3770,Mobile,0
3771,Mobile,0
3772,Tablet,0
3773,Desktop,1
3774,Mobile,0
3775,Desktop,0
3776,Tablet,0
3777,Mobile,1
3778,Mobile,1
3779,Mobile,0
3780,Tablet,0
3781,Desktop,1
3782,Mobile,0
3783,Tablet,0
3784,Desktop,0
3785,Tablet,1
3786,Desktop,1
3787,Tablet,0
3788,Desktop,0
3789,Mobile,0
3790,Desktop,0
3791,Tablet,1
3792,Tablet,0
3793,Desktop,0
3794,Mobile,0
3795,Mobile,0
3796,Desktop,0
3797,Desktop,0
3798,Tablet,0
3799,Mobile,0
3800,Desktop,0
3801,Mobile,0
3802,Desktop,0
3803,Desktop,1
3804,Mobile,1
3805,Desktop,1
3806,Desktop,0
3807,Tablet,1
3808,Desktop,0
3809,Desktop,0
3810,Desktop,0
3811,Tablet,0
3812,Mobile,0
3813,Tablet,0
3814,Tablet,0
3815,Mobile,0
3816,Tablet,0
3817,Mobile,0
3818,Tablet,0
3819,Mobile,1
3820,Desktop,1
3821,Tablet,0
3822,Tablet,0
3823,Tablet,0
3824,Tablet,1
3825,Desktop,0
3826,Tablet,0
3827,Desktop,0
3828,Desktop,0
3829,Desktop,0
3830,Desktop,1
3831,Mobile,0
3832,Mobile,0
3833,Tablet,1
3834,Mobile,1
3835,Mobile,0
3836,Tablet,0
3837,Tablet,0
3838,Tablet,1
3839,Mobile,0
3840,Mobile,1
3841,Tablet,0
3842,Desktop,0
3843,Tablet,0
3844,Desktop,0
3845,Desktop,0
3846,Tablet,0
3847,Tablet,0
3848,Tablet,1
3849,Mobile,0
3850,Desktop,0
3851,Mobile,0
3852,Mobile,0
3853,Tablet,0
3854,Mobile,0
3855,Tablet,1
3856,Desktop,0
3857,Tablet,0
3858,Mobile,0
3859,Mobile,0
3860,Tablet,0
3861,Tablet,1
3862,Mobile,1
3863,Moblie,0
3864,Desktop,0
3865,Tablet,0
3866,Desktop,0
3867,Mobile,0
3868,Tablet,0
3869,Mobile,0
3870,Mobile,0
3871,Desktop,0
3872,Tablet,0
3873,Tablet,0
3874,Desktop,0
3875,Mobile,1
3876,Mobile,0
3877,Mobile,0
3878,Mobile,0
3879,Tablet,1
3880,Tablet,0
3881,Desktop,0
3882,Desktop,0
3883,Tablet,0
3884,Tablet,1
3885,Mobile,0
3886,Mobile,1
3887,Desktop,1
3888,Tablet,1
3889,Desktop,0
3890,Tablet,0
3891,Mobile,0
3892,Moblie,1
3893,Desktop,0
3894,Tablet,0
3895,Mobile,0
3896,Desktop,0
3897,Mobile,1
3898,Desktop,0
3899,Mobile,1
3900,Tablet,0
3901,Desktop,1
3902,Desktop,0
3903,Mobile,0
3904,Mobile,1
3905,Desktop,0
3906,Tablet,1
3907,Mobile,0
3908,Mobile,0
3909,Mobile,0
3910,Desktop,0
3911,Desktop,0
3912,Desktop,0
3913,Desktop,0
3914,Tablet,0
3915,Tablet,1
3916,Desktop,1
3917,Tablet,0
3918,Mobile,0
3919,Mobile,0
3920,Mobile,0
3921,Desktop,1
3922,Mobile,1
3923,Tablet,0
3924,Desktop,1
3925,Tablet,0
3926,Mobile,1
3927,Moblie,0
3928,Mobile,0
3929,Desktop,0
3930,Tablet,0
3931,Desktop,0
3932,Desktop,1
3933,Mobile,0
3934,Desktop,0
3935,Desktop,0
3936,Mobile,0
3937,Desktop,0
3938,Mobile,0
3939,Mobile,0
3940,Mobile,0
3941,Mobile,0
3942,Desktop,1
3943,Mobile,1
3944,Mobile,0
3945,Desktop,0
3946,Desktop,0
3947,Tablet,0
3948,Desktop,0
3949,Desktop,0
3950,Tablet,0
3951,Desktop,0
3952,Desktop,0
3953,Desktop,1
3954,Desktop,1
3955,Tablet,0
3956,Desktop,0
3957,Desktop,1
3958,Tablet,1
3959,Mobile,0
3960,Tablet,0
3961,Mobile,0
3962,Tablet,0
3963,Tablet,0
3964,Desktop,0
3965,Mobile,0
3966,Desktop,0
3967,Mobile,1
3968,Tablet,0
3969,Tablet,0
3970,Mobile,0
3971,Desktop,0
3972,Desktop,1
3973,Desktop,0
3974,Desktop,0
3975,Tablet,0
3976,Tablet,0
3977,Tablet,1
3978,Tablet,0
3979,Tablet,0
3980,Desktop,0
3981,Desktop,0
3982,Desktop,1
3983,Desktop,1
3984,Tablet,0
3985,Tablet,0
3986,Tablet,1
3987,Mobile,1
3988,Desktop,0
3989,Desktop,0
3990,Tablet,0
3991,Desktop,1
3992,Desktop,0
3993,Tablet,0
3994,Mobile,1
3995,Mobile,0
3996,Mobile,0
3997,Tablet,0
3998,Desktop,0
3999,Tablet,0
4000,Tablet,0
4001,Desktop,0
4002,Mobile,0
4003,Mobile,1
4004,Tablet,1
4005,Mobile,0
4006,Tablet,0
4007,Tablet,0
4008,Desktop,0
4009,Desktop,0
4010,Desktop,0
4011,Tablet,0
4012,Desktop,0
4013,Mobile,0
4014,Mobile,0
4015,Tablet,0
4016,Tablet,0
4017,Desktop,0
4018,Tablet,1
4019,Tablet,1
4020,Mobile,0
4021,Mobile,0
4022,Desktop,0
4023,Tablet,0
4024,Tablet,0
4025,Mobile,1
4026,Tablet,0
4027,Mobile,1
4028,Desktop,0
4029,Mobile,0
4030,Tablet,0
4031,Desktop,0
4032,Mobile,0
4033,Mobile,0
4034,Desktop,0
4035,Desktop,1
4036,Mobile,0
4037,Tablet,1
4038,Mobile,1
4039,Desktop,1
4040,Mobile,0
4041,Desktop,0
4042,Desktop,1
4043,Tablet,0
4044,Desktop,0
4045,Desktop,0
4046,Tablet,0
4047,Desktop,0
4048,Tablet,0
4049,Tablet,0
4050,Desktop,1
4051,Desktop,0
4052,Mobile,1
4053,Tablet,0
4054,Mobile,1
4055,Desktop,0
4056,Mobile,1
4057,Tablet,0
4058,Mobile,1
4059,Tablet,0
4060,Desktop,1
4061,Desktop,1
4062,Tablet,0
4063,Desktop,0
4064,Desktop,1
4065,Desktop,0
4066,Desktop,1
4067,Tablet,0
4068,Mobile,0
4069,Mobile,1
4070,Desktop,0
4071,Mobile,1
4072,Mobile,0
4073,Desktop,0
4074,Desktop,0
4075,Mobile,0
4076,Tablet,0
4077,Desktop,0
4078,Tablet,0
4079,Mobile,0
4080,Desktop,1
4081,Tablet,0
4082,Desktop,0
4083,Mobile,0
4084,Tablet,0
4085,Mobile,0
4086,Mobile,0
4087,Desktop,0
4088,Tablet,0
4089,Mobile,0
4090,Mobile,1
4091,Tablet,0
4092,Mobile,0
4093,Mobile,0
4094,Tablet,0
4095,Tablet,1
4096,Tablet,0
4097,Tablet,0
4098,Desktop,0
4099,Tablet,0
4100,Desktop,0
4101,Desktop,0
4102,Desktop,0
4103,Mobile,0
4104,Desktop,0
4105,Desktop,0
4106,Mobile,0
4107,Mobile,0
4108,Mobile,1
4109,Tablet,0
4110,Mobile,1
4111,Mobile,0
4112,Desktop,0
4113,Mobile,0
4114,Tablet,0
4115,Mobile,0
4116,Tablet,0
4117,Mobile,0
4118,Mobile,1
4119,Mobile,0
4120,Mobile,0
4121,Tablet,0
4122,Tablet,0
4123,Desktop,0
4124,Tablet,0
4125,Mobile,1
4126,Desktop,1
4127,Desktop,0
4128,Desktop,0
4129,Mobile,1
4130,Tablet,0
4131,Mobile,0
4132,Desktop,0
4133,Mobile,0
4134,Mobile,0
4135,Tablet,0
4136,Tablet,0
4137,Desktop,0
4138,Mobile,0
4139,Mobile,0
4140,Tablet,0
4141,Mobile,0
4142,Mobile,0
4143,Mobile,0
4144,Tablet,0
4145,Desktop,1
4146,Desktop,1
4147,Mobile,0
4148,Desktop,0
4149,Tablet,0
4150,Tablet,0
4151,Desktop,1
4152,Desktop,0
4153,Mobile,0
4154,Desktop,0
4155,Mobile,0
4156,Mobile,0
4157,Tablet,0
4158,Tablet,0
4159,Tablet,1
4160,Tablet,1
4161,Desktop,0
4162,Tablet,0
4163,Desktop,0
4164,Tablet,0
4165,Desktop,0
4166,Mobile,0
4167,Desktop,0
4168,Desktop,0
4169,Tablet,0
4170,Desktop,0
4171,Mobile,0
4172,Mobile,0
4173,Tablet,1
4174,Mobile,0
4175,Desktop,0
4176,Mobile,1
4177,Tablet,1
4178,Desktop,0
4179,Tablet,1
4180,Desktop,0
4181,Mobile,0
4182,Tablet,0
4183,Tablet,0
4184,Desktop,0
4185,Tablet,0
4186,Desktop,0
4187,Desktop,0
4188,Desktop,0
4189,Desktop,0
4190,Mobile,0
4191,Desktop,0
4192,Tablet,1
4193,Mobile,1
4194,Tablet,0
4195,Mobile,0
4196,Desktop,0
4197,Mobile,0
4198,Mobile,0
4199,Tablet,0
4200,Tablet,0
4201,Desktop,0
4202,Mobile,1
4203,Mobile,0
4204,Mobile,0
4205,Desktop,1
4206,Desktop,0
4207,Desktop,0
4208,Desktop,0
4209,Desktop,0
4210,Moblie,0
4211,Mobile,0
4212,Mobile,0
4213,Mobile,0
4214,Mobile,0
4215,Mobile,0
4216,Mobile,0
4217,Mobile,1
4218,Mobile,0
4219,Tablet,0
4220,Mobile,0
4221,Tablet,0
4222,Desktop,0
4223,Mobile,0
4224,Desktop,1
4225,Desktop,1
4226,Desktop,0
4227,Tablet,0
4228,Desktop,0
4229,Desktop,0
4230,Desktop,0
4231,Mobile,0
4232,Mobile,0
4233,Tablet,0
4234,Tablet,0
4235,Mobile,1
4236,Tablet,0
4237,Mobile,0
4238,Desktop,0
4239,Desktop,1
4240,Tablet,0
4241,Mobile,0
4242,Mobile,0
4243,Tablet,0
4244,Mobile,1
4245,Desktop,0
4246,Tablet,0
4247,Tablet,1
4248,Mobile,0
4249,Tablet,0
4250,Mobile,0
4251,Mobile,1
4252,Mobile,0
4253,Mobile,0
4254,Mobile,0
4255,Tablet,0
4256,Desktop,0
4257,Desktop,0
4258,Tablet,1
4259,Tablet,0
4260,Desktop,0
4261,Desktop,0
4262,Desktop,0
4263,Desktop,1
4264,Desktop,0
4265,Mobile,0
4266,Tablet,0
4267,Mobile,0
4268,Desktop,0
4269,Desktop,0
4270,Desktop,1
4271,Mobile,1
4272,Mobile,0
4273,Desktop,1
4274,Mobile,0
4275,Mobile,0
4276,Desktop,0
4277,Mobile,0
4278,Tablet,0
4279,Tablet,0
4280,Tablet,0
4281,Tablet,0
4282,Desktop,0
4283,Desktop,0
4284,Desktop,0
4285,Tablet,0
4286,Tablet,0
4287,Mobile,0
4288,Mobile,1
4289,Tablet,0
4290,Tablet,0
4291,Tablet,1
4292,Tablet,0
4293,Mobile,0
4294,Tablet,0
4295,Mobile,1
4296,Tablet,0
4297,Tablet,0
4298,Tablet,0
4299,Mobile,0
4300,Mobile,0
4301,Desktop,0
4302,Tablet,0
4303,Desktop,1
4304,Desktop,1
4305,Mobile,0
4306,Mobile,1
4307,Desktop,0
4308,Tablet,0
4309,Mobile,0
4310,Tablet,1
4311,Tablet,1
4312,Moblie,0
4313,Desktop,1
4314,Desktop,0
4315,Desktop,1
4316,Mobile,1
4317,Mobile,0
4318,Desktop,0
4319,Mobile,0
4320,Desktop,0
4321,Tablet,0
4322,Tablet,0
4323,Tablet,1
4324,Desktop,0
4325,Tablet,0
4326,Mobile,1
4327,Tablet,1
4328,Tablet,0
4329,Tablet,1
4330,Mobile,0
4331,Desktop,1
4332,Mobile,0
4333,Desktop,0
4334,Desktop,0
4335,Tablet,0
4336,Desktop,0
4337,Mobile,0
4338,Mobile,0
4339,Desktop,1
4340,Tablet,0
4341,Tablet,0
4342,Mobile,0
4343,Tablet,0
4344,Desktop,1
4345,Desktop,1
4346,Mobile,0
4347,Desktop,0
4348,Mobile,1
4349,Desktop,0
4350,Mobile,1
4351,Tablet,0
4352,Desktop,1
4353,Desktop,0
4354,Mobile,0
4355,Mobile,1
4356,Desktop,0
4357,Mobile,0
4358,Desktop,0
4359,Tablet,0
4360,Mobile,0
4361,Desktop,0
4362,Tablet,0
4363,Tablet,0
4364,Desktop,1
4365,Mobile,0
4366,Desktop,0
4367,Tablet,0
4368,Desktop,0
4369,Mobile,0
4370,Tablet,0
4371,Desktop,0
4372,Mobile,0
4373,Tablet,0
4374,Mobile,0
4375,Tablet,0
4376,Desktop,0
4377,Mobile,0
4378,Tablet,0
4379,Mobile,1
4380,Mobile,0
4381,Desktop,0
4382,Mobile,0
4383,Tablet,0
4384,Tablet,0
4385,Tablet,0
4386,Tablet,1
4387,Desktop,0
4388,Mobile,1
4389,Desktop,0
4390,Mobile,0
4391,Mobile,0
4392,Mobile,0
4393,Desktop,0
4394,Mobile,0
4395,Desktop,0
4396,Tablet,1
4397,Tablet,1
4398,Mobile,0
4399,Desktop,0
4400,Tablet,0
4401,Desktop,0
4402,Desktop,0
4403,Mobile,0
4404,Tablet,0
4405,Mobile,0
4406,Mobile,1
4407,Tablet,0
4408,Tablet,1
4409,Desktop,0
4410,Tablet,0
4411,Desktop,0
4412,Desktop,0
4413,Desktop,0
4414,Tablet,0
4415,Mobile,0
4416,Desktop,0
4417,Mobile,0
4418,Mobile,0
4419,Tablet,0
4420,Mobile,0
4421,Mobile,0
4422,Tablet,0
4423,Desktop,1
4424,Mobile,0
4425,Moblie,0
4426,Mobile,0
4427,Mobile,0
4428,Desktop,0
4429,Mobile,0
4430,Tablet,0
4431,Mobile,1
4432,Desktop,0
4433,Desktop,0
4434,Tablet,0
4435,Desktop,1
4436,Mobile,0
4437,Desktop,0
4438,Tablet,0
4439,Desktop,1
4440,Desktop,1
4441,Desktop,0
4442,Tablet,1
4443,Desktop,1
4444,Desktop,0
4445,Mobile,0
4446,Tablet,0
4447,Desktop,1
4448,Tablet,0
4449,Desktop,1
4450,Desktop,0
4451,Desktop,0
4452,Mobile,0
4453,Mobile,0
4454,Mobile,1
4455,Tablet,1
4456,Tablet,1
4457,Mobile,0
4458,Tablet,0
4459,Desktop,0
4460,Desktop,0
4461,Desktop,0
4462,Mobile,0
4463,Tablet,0
4464,Mobile,1
4465,Tablet,0
4466,Desktop,0
4467,Mobile,0
4468,Tablet,0
4469,Tablet,0
4470,Desktop,1
4471,Mobile,1
4472,Mobile,1
4473,Mobile,1
4474,Desktop,0
4475,Mobile,0
4476,Desktop,0
4477,Desktop,0
4478,Desktop,0
4479,Tablet,0
4480,Mobile,0
4481,Mobile,0
4482,Desktop,0
4483,Desktop,0
4484,Mobile,0
4485,Desktop,0
4486,Mobile,0
4487,Tablet,0
4488,Desktop,0
4489,Mobile,0
4490,Desktop,1
4491,Mobile,0
4492,Mobile,0
4493,Desktop,0
4494,Tablet,0
4495,Mobile,1
4496,Mobile,0
4497,Mobile,0
4498,Tablet,0
4499,Tablet,0
4500,Desktop,0
4501,Tablet,0
4502,Desktop,0
4503,Desktop,0
4504,Tablet,0
4505,Desktop,0
4506,Tablet,0
4507,Desktop,0
4508,Tablet,0
4509,Tablet,0
4510,Desktop,0
4511,Mobile,1
4512,Desktop,0
4513,Tablet,0
4514,Mobile,0
4515,Desktop,0
4516,Desktop,0
4517,Desktop,0
4518,Mobile,0
4519,Tablet,1
4520,Desktop,0
4521,Desktop,0
4522,Desktop,1
4523,Desktop,0
4524,Desktop,1
4525,Tablet,0
4526,Tablet,1
4527,Desktop,0
4528,Mobile,0
4529,Tablet,1
4530,Mobile,0
4531,Tablet,0
4532,Desktop,0
4533,Tablet,0
4534,Desktop,0
4535,Tablet,0
4536,Desktop,0
4537,Desktop,0
4538,Desktop,0
4539,Desktop,0
4540,Mobile,0
4541,Desktop,0
4542,Mobile,0
4543,Mobile,0
4544,Desktop,0
4545,Mobile,0
4546,Tablet,0
4547,Desktop,1
4548,Mobile,0
4549,Desktop,0
4550,Desktop,0
4551,Desktop,1
4552,Mobile,1
4553,Tablet,0
4554,Tablet,0
4555,Mobile,1
4556,Desktop,0
4557,Mobile,0
4558,Mobile,0
4559,Mobile,0
4560,Desktop,1
4561,Mobile,1
4562,Desktop,0
4563,Mobile,0
4564,Tablet,1
4565,Mobile,0
4566,Mobile,0
4567,Tablet,1
4568,Desktop,0
4569,Desktop,0
4570,Mobile,0
4571,Tablet,1
4572,Desktop,0
4573,Mobile,0
4574,Tablet,0
4575,Desktop,1
4576,Desktop,1
4577,Tablet,0
4578,Tablet,0
4579,Tablet,0
4580,Tablet,1
4581,Mobile,0
4582,Tablet,1
4583,Desktop,0
4584,Desktop,1
4585,Mobile,1
4586,Desktop,0
4587,Desktop,1
4588,Tablet,0
4589,Desktop,0
4590,Mobile,0
4591,Tablet,0
4592,Tablet,0
4593,Mobile,0
4594,Tablet,0
4595,Tablet,0
4596,Mobile,0
4597,Tablet,0
4598,Mobile,0
4599,Mobile,0
4600,Desktop,0
4601,Desktop,0
4602,Tablet,0
4603,Tablet,1
4604,Mobile,1
4605,Tablet,0
4606,Mobile,1
4607,Mobile,1
4608,Tablet,1
4609,Mobile,0
4610,Desktop,1
4611,Tablet,0
4612,Desktop,0
4613,Tablet,0
4614,Mobile,0
4615,Tablet,0
4616,Desktop,0
4617,Mobile,0
4618,Tablet,1
4619,Tablet,1
4620,Tablet,0
4621,Desktop,1
4622,Desktop,1
4623,Tablet,1
4624,Mobile,0
4625,Mobile,0
4626,Desktop,1
4627,Mobile,0
4628,Desktop,0
4629,Tablet,0
4630,Desktop,0
4631,Desktop,0
4632,Tablet,0
4633,Moblie,0
4634,Desktop,1
4635,Desktop,1
4636,Tablet,0
4637,Mobile,1
4638,Desktop,0
4639,Tablet,0
4640,Desktop,1
4641,Tablet,1
4642,Mobile,1
4643,Mobile,0
4644,Mobile,1
4645,Mobile,0
4646,Desktop,0
4647,Desktop,0
4648,Mobile,0
4649,Mobile,0
4650,Mobile,1
4651,Desktop,0
4652,Mobile,0
4653,Mobile,0
4654,Mobile,0
4655,Tablet,1
4656,Mobile,0
4657,Tablet,0
4658,Tablet,1
4659,Mobile,0
4660,Tablet,0
4661,Mobile,0
4662,Desktop,0
4663,Desktop,0
4664,Desktop,0
4665,Desktop,1
4666,Tablet,1
4667,Mobile,0
4668,Mobile,0
4669,Mobile,1
4670,Desktop,0
4671,Desktop,0
4672,Mobile,0
4673,Desktop,1
4674,Mobile,0
4675,Mobile,0
4676,Mobile,0
4677,Mobile,1
4678,Mobile,0
4679,Mobile,1
4680,Mobile,0
4681,Desktop,0
4682,Mobile,0
4683,Mobile,0
4684,Desktop,1
4685,Desktop,0
4686,Desktop,1
4687,Mobile,0
4688,Tablet,0
4689,Tablet,0
4690,Desktop,0
4691,Tablet,1
4692,Desktop,0
4693,Mobile,0
4694,Tablet,0
4695,Mobile,0
4696,Tablet,0
4697,Mobile,1
4698,Tablet,0
4699,Mobile,0
4700,Mobile,0
4701,Tablet,1
4702,Mobile,0
4703,Mobile,0
4704,Mobile,0
4705,Tablet,0
4706,Tablet,0
4707,Mobile,0
4708,Mobile,1
4709,Tablet,0
4710,Tablet,1
4711,Mobile,0
4712,Mobile,0
4713,Mobile,0
4714,Desktop,0
4715,Tablet,1
4716,Moblie,0
4717,Tablet,0
4718,Tablet,0
4719,Tablet,1
4720,Tablet,0
4721,Tablet,1
4722,Tablet,0
4723,Tablet,0
4724,Desktop,0
4725,Mobile,0
4726,Mobile,0
4727,Desktop,0
4728,Desktop,1
4729,Desktop,1
4730,Desktop,0
4731,Tablet,0
4732,Mobile,0
4733,Tablet,0
4734,Mobile,0
4735,Mobile,1
4736,Desktop,0
4737,Tablet,0
4738,Desktop,0
4739,Tablet,0
4740,Mobile,0
4741,Desktop,0
4742,Desktop,0
4743,Mobile,0
4744,Mobile,0
4745,Mobile,1
4746,Desktop,0
4747,Tablet,0
4748,Desktop,0
4749,Tablet,0
4750,Desktop,0
4751,Desktop,1
4752,Mobile,0
4753,Tablet,0
4754,Desktop,0
4755,Desktop,0
4756,Mobile,1
4757,Mobile,1
4758,Tablet,0
4759,Desktop,1
4760,Tablet,0
4761,Desktop,1
4762,Tablet,0
4763,Mobile,1
4764,Desktop,1
4765,Tablet,0
4766,Mobile,0
4767,Mobile,1
4768,Tablet,1
4769,Desktop,0
4770,Desktop,0
4771,Mobile,0
4772,Desktop,0
4773,Desktop,0
4774,Desktop,0
4775,Mobile,1
4776,Tablet,0
4777,Desktop,1
4778,Mobile,0
4779,Mobile,0
4780,Tablet,0
4781,Desktop,0
4782,Desktop,0
4783,Tablet,0
4784,Tablet,0
4785,Mobile,0
4786,Mobile,0
4787,Tablet,0
4788,Desktop,1
4789,Mobile,1
4790,Mobile,0
4791,Desktop,0
4792,Mobile,0
4793,Desktop,1
4794,Desktop,0
4795,Desktop,0
4796,Tablet,0
4797,Tablet,0
4798,Tablet,0
4799,Desktop,1
4800,Desktop,0
4801,Tablet,0
4802,Mobile,0
4803,Desktop,0
4804,Mobile,1
4805,Mobile,0
4806,Desktop,1
4807,Desktop,0
4808,Mobile,0
4809,Mobile,1
4810,Tablet,0
4811,Tablet,1
4812,Desktop,0
4813,Tablet,1
4814,Tablet,0
4815,Tablet,0
4816,Tablet,1
4817,Mobile,1
4818,Desktop,1
4819,Tablet,1
4820,Mobile,1
4821,Mobile,0
4822,Mobile,0
4823,Tablet,0
4824,Tablet,0
4825,Desktop,0
4826,Tablet,0
4827,Tablet,0
4828,Mobile,0
4829,Desktop,0
4830,Tablet,0
4831,Tablet,0
4832,Mobile,1
4833,Mobile,0
4834,Tablet,0
4835,Desktop,0
4836,Desktop,0
4837,Mobile,0
4838,Mobile,0
4839,Tablet,0
4840,Mobile,0
4841,Tablet,0
4842,Desktop,1
4843,Desktop,1
4844,Tablet,0
4845,Mobile,0
4846,Desktop,0
4847,Mobile,0
4848,Desktop,1
4849,Tablet,0
4850,Tablet,1
4851,Tablet,0
4852,Desktop,1
4853,Mobile,0
4854,Mobile,1
4855,Mobile,0
4856,Desktop,0
4857,Desktop,0
4858,Desktop,0
4859,Desktop,1
4860,Desktop,1
4861,Mobile,1
4862,Desktop,0
4863,Desktop,1
4864,Mobile,0
4865,Desktop,0
4866,Mobile,0
4867,Mobile,0
4868,Tablet,0
4869,Tablet,0
4870,Tablet,0
4871,Tablet,1
4872,Desktop,0
4873,Tablet,0
4874,Mobile,0
4875,Desktop,0
4876,Tablet,0
4877,Mobile,0
4878,Desktop,0
4879,Desktop,0
4880,Tablet,0
4881,Desktop,1
4882,Mobile,0
4883,Desktop,0
4884,Mobile,1
4885,Desktop,0
4886,Tablet,0
4887,Mobile,1
4888,Desktop,0
4889,Desktop,0
4890,Desktop,0
4891,Mobile,0
4892,Mobile,0
4893,Mobile,0
4894,Tablet,0
4895,Tablet,0
4896,Mobile,0
4897,Desktop,0
4898,Tablet,0
4899,Mobile,0
4900,Desktop,0
4901,Tablet,1
4902,Desktop,0
4903,Desktop,0
4904,Desktop,0
4905,Desktop,0
4906,Tablet,1
4907,Tablet,0
4908,Tablet,1
4909,Mobile,0
4910,Tablet,0
4911,Desktop,0
4912,Tablet,1
4913,Desktop,0
4914,Mobile,0
4915,Desktop,0
4916,Desktop,0
4917,Desktop,1
4918,Mobile,0
4919,Tablet,0
4920,Tablet,1
4921,Mobile,0
4922,Desktop,1
4923,Tablet,0
4924,Mobile,0
4925,Tablet,1
4926,Mobile,0
4927,Desktop,0
4928,Tablet,0
4929,Mobile,0
4930,Tablet,0
4931,Tablet,1
4932,Tablet,0
4933,Tablet,0
4934,Mobile,1
4935,Desktop,0
4936,Mobile,0
4937,Mobile,0
4938,Mobile,1
4939,Desktop,0
4940,Tablet,1
4941,Tablet,1
4942,Tablet,0
4943,Desktop,0
4944,Tablet,1
4945,Desktop,0
4946,Tablet,1
4947,Tablet,1
4948,Mobile,0
4949,Desktop,0
4950,Mobile,1
4951,Mobile,1
4952,Mobile,0
4953,Desktop,0
4954,Desktop,0
4955,Tablet,0
4956,Mobile,0
4957,Tablet,0
4958,Mobile,0
4959,Desktop,0
4960,Desktop,0
4961,Desktop,0
4962,Mobile,0
4963,Desktop,0
4964,Mobile,0
4965,Tablet,0
4966,Mobile,0
4967,Tablet,0
4968,Mobile,1
4969,Tablet,0
4970,Desktop,1
4971,Tablet,0
4972,Desktop,0
4973,Desktop,1
4974,Tablet,0
4975,Mobile,0
4976,Mobile,0
4977,Mobile,0
4978,Mobile,0
4979,Mobile,0
4980,Desktop,0
4981,Mobile,0
4982,Desktop,1
4983,Desktop,0
4984,Desktop,0
4985,Tablet,1
4986,Tablet,0
4987,Desktop,0
4988,Tablet,0
4989,Mobile,0
4990,Mobile,0
4991,Desktop,1
4992,Mobile,1
4993,Desktop,0
4994,Desktop,0
4995,Mobile,0
4996,Tablet,0
4997,Mobile,1
4998,Mobile,0
4999,Desktop,0
5000,Desktop,1
